id,position,form,team,price,pp_million,pp_mil_per_90,total_points,gw_points,minutes,bonus,goals_scored,assists,goals_conceded,own_goals,clean_sheets,saves,yellow_cards,red_cards,value_form,points_per_game,selected_by_percent,element_type,Name,9_xMins,10_xMins,11_xMins,12_xMins,13_xMins,9_xPts,10_xPts,11_xPts,12_xPts,13_xPts,total_xP,total_xM
1,Defender,0.0,Arsenal,4.2,0.0,0.0,0,0,0,0,0,0,0,0,0,0,0,0,0.0,0.0,0.1,2,Cedric,4.59,2.13,1.32,0.0,2.84,0.26,0.12,0.09,0.0,0.18,0.6499999999999999,10.879999999999999
3,Midfielder,5.3,Arsenal,5.1,7.8,0.9790794979079497,40,9,717,4,2,3,8,0,3,0,2,0,1.0,5.0,3.2,3,Xhaka,82.01,84.55,84.55,0.0,84.55,2.57,2.44,2.91,0.0,2.85,10.77,335.66
4,Midfielder,0.0,Arsenal,4.3,0.5,0.5,2,0,90,0,0,0,1,0,0,0,0,0,0.0,2.0,0.7,3,Elneny,0.0,0.0,0.0,0.0,0.0,0.0,0.0,0.0,0.0,0.0,0.0,0.0
5,Defender,0.0,Arsenal,4.2,0.5,15.0,2,0,3,0,0,0,0,0,0,0,0,0,0.0,1.0,0.1,2,Holding,3.06,3.16,3.16,0.0,3.16,0.27,0.27,0.28,0.0,0.29,1.11,12.540000000000001
6,Midfielder,4.3,Arsenal,4.8,4.4,0.9451073985680191,21,10,419,3,1,0,3,0,3,0,0,0,0.9,4.2,0.3,3,Partey,65.47,67.5,82.14,0.0,82.14,2.26,2.14,3.14,0.0,3.05,10.59,297.25
7,Midfielder,1.3,Arsenal,6.5,5.5,0.8608695652173912,36,2,575,6,3,0,7,0,2,0,1,0,0.2,5.1,15.1,3,Odegaard,76.29,78.65,78.65,0.0,78.65,3.47,3.16,4.24,0.0,4.07,14.940000000000001,312.24
8,Defender,2.3,Arsenal,4.8,2.9,0.9354838709677419,14,1,279,0,0,0,2,0,1,0,0,0,0.5,2.0,0.9,2,Tierney,24.51,26.84,19.74,0.0,29.47,1.42,1.43,1.33,0.0,1.56,5.74,100.56
10,Defender,4.0,Arsenal,4.5,7.6,1.062111801242236,34,5,644,3,0,1,7,0,4,0,2,0,0.9,4.2,5.5,2,B White,70.83,73.02,73.02,0.0,73.02,2.6,2.33,2.85,0.0,2.92,10.7,289.89
11,Forward,1.0,Arsenal,6.6,1.2,1.1020408163265305,8,1,98,0,0,0,1,0,0,0,0,0,0.2,1.0,0.3,4,Nketiah,24.81,25.58,24.63,0.0,23.36,1.77,1.68,2.04,0.0,1.9,7.390000000000001,98.38
12,Midfielder,0.3,Arsenal,5.6,0.7,1.3404255319148934,4,0,47,0,0,0,1,0,0,0,0,0,0.1,1.0,0.5,3,Smith Rowe,0.0,0.0,0.0,0.0,0.0,0.0,0.0,0.0,0.0,0.0,0.0,0.0
13,Midfielder,6.0,Arsenal,7.8,5.0,0.6364922206506365,39,2,707,1,1,5,8,0,3,0,1,0,0.8,4.9,11.6,3,Saka,77.98,80.4,80.4,0.0,80.4,3.99,3.63,4.87,0.0,4.65,17.14,319.18
14,Defender,1.0,Arsenal,4.2,1.4,1.75,6,1,72,0,0,0,1,0,0,0,1,0,0.2,0.9,0.7,2,Tomiyasu,26.04,26.84,26.84,0.0,26.84,1.43,1.36,1.55,0.0,1.57,5.91,106.56
15,Goalkeeper,3.3,Arsenal,4.9,5.5,0.6875,27,2,720,0,0,0,8,0,3,15,0,0,0.7,3.4,10.6,1,Ramsdale,84.8,87.43,87.43,0.0,87.43,3.23,2.9,4.1,0.0,4.1,14.33,347.09000000000003
16,Defender,3.0,Arsenal,5.1,6.9,0.8625,35,2,720,3,1,0,8,0,3,0,0,0,0.6,4.4,10.8,2,Gabriel,81.37,83.89,83.89,0.0,83.89,3.25,2.93,3.56,0.0,3.62,13.36,333.03999999999996
18,Midfielder,1.3,Arsenal,4.4,1.8,0.8307692307692308,8,1,195,0,0,0,3,0,0,0,0,0,0.3,1.3,0.3,3,Lokonga,26.8,27.63,11.37,0.0,11.37,0.81,0.78,0.37,0.0,0.37,2.33,77.17
19,Midfielder,3.0,Arsenal,6.6,6.5,0.8465991316931983,43,4,691,4,3,2,8,0,3,0,1,0,0.5,5.4,47.0,3,Martinelli,74.59,76.9,76.9,0.0,76.9,4.06,3.66,5.03,0.0,4.78,17.53,305.29
23,Midfielder,0.0,Arsenal,4.8,0.0,0.0,0,0,0,0,0,0,0,0,0,0,0,0,0.0,0.0,0.0,3,Nelson,0.26,0.26,0.26,0.0,0.26,0.02,0.02,0.02,0.0,0.02,0.08,1.04
24,Goalkeeper,0.0,Arsenal,3.9,0.0,0.0,0,0,0,0,0,0,0,0,0,0,0,0,0.0,0.0,1.6,1,Turner,2.3,2.37,2.37,0.0,2.37,0.08,0.07,0.1,0.0,0.1,0.35,9.41
25,Midfielder,4.0,Arsenal,5.7,2.1,1.6293103448275863,12,1,116,2,1,0,1,0,1,0,0,0,0.7,4.0,0.2,3,Vieira,21.44,22.11,23.68,0.0,23.68,1.44,1.37,1.73,0.0,1.67,6.21,90.91
26,Defender,5.3,Arsenal,4.9,9.2,1.15,45,1,720,9,2,1,8,1,3,0,3,0,1.1,5.6,25.7,2,Saliba,80.11,82.58,82.58,0.0,82.58,2.91,2.65,3.11,0.0,3.21,11.879999999999999,327.84999999999997
27,Midfielder,0.3,Arsenal,4.7,0.2,18.0,1,0,1,0,0,0,0,0,0,0,0,0,0.1,1.0,0.1,3,Marquinhos,0.05,0.05,0.05,0.0,0.05,0.0,0.0,0.0,0.0,0.0,0.0,0.2
28,Forward,5.0,Arsenal,8.0,5.9,0.7706821480406387,47,8,689,6,5,3,8,0,3,0,4,0,0.6,5.9,69.4,4,Jesus,68.94,71.07,72.5,0.0,73.53,3.84,3.41,5.04,0.0,4.83,17.119999999999997,286.03999999999996
313,Defender,1.0,Arsenal,5.1,4.3,0.9847328244274808,22,2,393,3,0,1,5,0,2,0,0,0,0.2,4.4,12.2,2,Zinchenko,63.07,65.02,73.02,0.0,60.07,2.65,2.38,3.34,0.0,2.81,11.18,261.18
607,Midfielder,0.0,Arsenal,4.5,0.0,0.0,0,0,0,0,0,0,0,0,0,0,0,0,0.0,0.0,0.1,3,M Smith,0.05,0.05,0.05,0.0,0.05,0.0,0.0,0.0,0.0,0.0,0.0,0.2
630,Midfielder,0.5,Arsenal,4.5,0.2,18.0,1,0,1,0,0,0,0,0,0,0,0,0,0.1,1.0,0.0,3,Nwaneri,0.38,0.39,0.39,0.0,0.39,0.03,0.03,0.04,0.0,0.04,0.14,1.5500000000000003
631,Defender,0.0,Arsenal,4.0,0.0,0.0,0,0,0,0,0,0,0,0,0,0,0,0,0.0,0.0,0.0,2,Sousa,0.38,0.39,0.39,0.0,0.39,0.03,0.03,0.04,0.0,0.04,0.14,1.5500000000000003
29,Midfielder,2.0,Aston Villa,6.7,1.9,0.391304347826087,13,3,437,0,0,0,3,0,3,0,2,0,0.3,1.6,4.3,3,Coutinho,50.69,48.94,48.94,48.94,48.94,3.26,3.1,2.57,2.98,3.23,15.14,246.45
30,Forward,0.7,Aston Villa,6.7,1.9,0.6501901140684411,13,1,263,1,1,0,3,0,1,0,2,0,0.1,1.9,1.0,4,Ings,42.36,42.36,42.36,42.36,42.36,2.79,2.74,2.23,2.62,2.8,13.18,211.8
31,Goalkeeper,5.0,Aston Villa,4.9,6.9,0.8625,34,6,720,2,0,0,10,0,2,23,0,0,1.0,4.2,5.0,1,E Martinez,87.8,87.81,87.81,87.81,87.81,4.0,4.44,3.4,4.02,4.06,19.92,439.04
32,Defender,0.0,Aston Villa,4.3,0.7,0.6923076923076923,3,0,91,0,0,0,1,0,0,0,0,0,0.0,1.5,0.2,2,C Chambers,24.63,17.05,14.74,12.89,12.89,0.89,0.71,0.53,0.5,0.56,3.19,82.2
33,Defender,2.7,Aston Villa,4.7,2.6,0.37142857142857144,12,0,630,1,0,0,10,1,1,0,2,0,0.6,1.7,1.8,2,Digne,0.0,0.0,16.84,39.5,62.17,0.0,0.0,0.67,1.63,3.01,5.31,118.51
35,Goalkeeper,0.0,Aston Villa,4.0,0.0,0.0,0,0,0,0,0,0,0,0,0,0,0,0,0.0,0.0,1.6,1,Olsen,1.84,1.84,1.84,1.84,1.84,0.07,0.08,0.07,0.07,0.08,0.37000000000000005,9.200000000000001
36,Midfielder,0.0,Aston Villa,4.4,0.0,0.0,0,0,0,0,0,0,0,0,0,0,0,0,0.0,0.0,0.3,3,Sanson,0.26,0.26,0.26,0.26,0.26,0.02,0.02,0.02,0.02,0.02,0.1,1.3
37,Midfielder,2.7,Aston Villa,5.2,3.1,0.42401215805471126,16,3,658,0,0,0,9,0,2,0,2,0,0.5,2.0,0.8,3,McGinn,80.4,80.4,80.4,80.4,80.4,3.11,3.12,2.66,2.99,3.21,15.09,402.0
39,Defender,5.7,Aston Villa,4.3,4.9,0.8166666666666668,21,6,540,3,0,0,7,0,2,0,0,0,1.3,3.5,3.6,2,Mings,81.5,81.5,81.5,81.5,81.5,2.84,3.3,2.87,3.02,3.44,15.469999999999999,407.5
40,Forward,2.0,Aston Villa,7.2,3.9,0.536697247706422,28,2,654,3,1,2,9,0,2,0,0,0,0.3,3.5,2.1,4,Watkins,75.15,75.15,75.15,75.15,75.15,4.33,4.18,3.32,4.0,4.33,20.16,375.75
41,Midfielder,0.0,Aston Villa,4.4,0.0,0.0,0,0,0,0,0,0,0,0,0,0,0,0,0.0,0.0,0.2,3,Nakamba,1.05,1.05,1.05,1.05,1.05,0.07,0.07,0.07,0.07,0.07,0.35000000000000003,5.25
42,Midfielder,1.0,Aston Villa,5.9,2.9,0.8907849829351535,17,1,293,2,1,0,7,0,0,0,0,0,0.2,2.1,0.4,3,Buendia,42.82,42.82,42.82,42.82,42.82,2.68,2.63,2.21,2.54,2.73,12.790000000000001,214.1
43,Defender,0.0,Aston Villa,4.6,1.3,0.2457983193277311,6,0,476,0,0,0,9,0,0,0,2,0,0.0,1.0,4.4,2,Cash,0.0,39.5,62.17,78.5,84.55,0.0,1.63,2.26,3.06,3.77,10.719999999999999,264.72
44,Defender,5.0,Aston Villa,4.4,4.5,0.641838351822504,20,6,631,1,0,0,9,0,2,0,1,0,1.1,2.5,0.3,2,Konsa,80.64,80.64,80.64,80.64,80.64,2.8,3.24,2.73,2.95,3.35,15.069999999999999,403.2
45,Midfielder,4.3,Aston Villa,4.7,5.1,0.9405737704918031,24,2,488,1,1,1,8,0,2,0,1,0,0.9,3.0,7.2,3,Bailey,59.42,59.42,59.42,59.42,59.42,3.25,3.17,2.65,3.05,3.31,15.430000000000001,297.1
46,Midfielder,2.3,Aston Villa,4.8,3.8,1.027027027027027,18,4,333,2,1,0,2,0,2,0,1,0,0.5,2.6,0.5,3,Douglas Luiz,76.5,76.5,77.37,77.37,78.65,2.69,2.71,2.41,2.63,2.85,13.290000000000001,386.39
47,Midfielder,6.0,Aston Villa,5.2,4.6,0.7175043327556326,24,3,577,3,1,1,9,0,2,0,3,0,1.2,3.0,1.2,3,Ramsey,73.4,73.4,72.45,71.69,71.12,3.18,3.18,2.62,2.96,3.16,15.100000000000001,362.06
50,Defender,0.0,Aston Villa,4.8,0.6,0.3,3,0,180,0,0,0,3,0,0,0,0,0,0.0,1.5,0.2,2,Carlos,0.0,0.0,0.0,0.0,0.0,0.0,0.0,0.0,0.0,0.0,0.0,0.0
53,Midfielder,1.0,Aston Villa,4.9,2.4,0.381625441696113,12,0,566,0,0,0,10,0,0,0,1,0,0.2,1.7,0.1,3,Kamara,0.0,0.0,0.0,0.0,0.0,0.0,0.0,0.0,0.0,0.0,0.0,0.0
54,Forward,0.0,Aston Villa,4.3,0.5,5.0,2,0,9,0,0,0,0,0,0,0,0,0,0.0,1.0,3.1,4,Archer,1.58,5.26,5.26,5.26,5.26,0.15,0.36,0.32,0.35,0.37,1.5500000000000003,22.619999999999997
56,Defender,0.0,Aston Villa,4.0,0.0,0.0,0,0,0,0,0,0,0,0,0,0,0,0,0.0,0.0,0.8,2,Guilbert,12.63,5.26,1.05,0.05,0.05,0.6,0.35,0.07,0.0,0.0,1.02,19.040000000000003
410,Defender,0.3,Aston Villa,4.3,0.5,0.22058823529411764,2,1,204,0,0,0,6,0,0,0,0,0,0.1,0.7,0.2,2,Bednarek,7.37,7.37,7.37,7.37,7.37,0.28,0.31,0.28,0.29,0.33,1.4900000000000002,36.85
479,Midfielder,0.3,Aston Villa,4.8,1.7,0.6483050847457628,8,0,236,0,0,0,3,0,1,0,0,0,0.1,1.6,0.1,3,Dendoncker,31.32,31.32,31.32,31.32,31.32,1.67,1.67,1.51,1.63,1.7,8.18,156.6
525,Defender,0.0,Aston Villa,4.3,0.0,0.0,0,0,45,0,0,0,0,0,0,0,1,0,0.0,0.0,0.1,2,Augustinsson,76.83,57.5,42.07,25.66,12.89,2.82,2.4,1.46,0.97,0.56,8.209999999999999,214.95
538,Defender,5.0,Aston Villa,4.4,3.4,1.2540983606557377,15,8,244,2,0,0,1,0,2,0,2,0,1.1,3.8,0.2,2,Young,80.4,73.12,56.83,36.83,21.32,2.65,2.8,1.81,1.3,0.92,9.48,268.5
57,Defender,3.7,Bournemouth,4.4,4.3,0.5733333333333333,19,8,675,2,0,0,15,0,3,0,4,0,0.8,2.4,0.1,2,A Smith,82.14,69.93,72.07,71.6,67.4,2.91,2.29,2.17,2.6,1.78,11.75,363.14
58,Midfielder,0.0,Bournemouth,4.8,0.4,1.2857142857142858,2,0,28,0,0,0,1,0,0,0,0,0,0.0,1.0,0.0,3,Stanislas,9.47,17.68,15.79,13.26,9.95,0.79,1.22,1.1,1.03,0.73,4.869999999999999,66.14999999999999
59,Defender,0.3,Bournemouth,4.4,0.5,0.6818181818181819,2,0,66,0,0,0,0,0,0,0,0,0,0.1,1.0,0.0,2,Fredericks,38.21,49.21,49.21,49.21,49.21,1.65,1.96,1.83,2.12,1.64,9.2,235.05
60,Midfielder,0.0,Bournemouth,5.3,0.0,0.0,0,0,0,0,0,0,0,0,0,0,0,0,0.0,0.0,0.0,3,Brooks,3.16,12.63,20.84,30.95,43.98,0.25,0.8,1.14,1.75,1.94,5.88,111.56
61,Midfielder,0.0,Bournemouth,5.3,0.2,18.0,1,0,1,0,0,0,0,0,0,0,0,0,0.0,1.0,0.0,3,Lowe,2.11,2.11,2.11,2.11,2.11,0.17,0.17,0.16,0.18,0.16,0.84,10.549999999999999
62,Forward,1.3,Bournemouth,5.5,3.1,0.6269662921348315,17,2,445,0,1,0,16,0,2,0,0,0,0.2,2.1,0.7,4,Kieffer Moore,34.11,32.24,31.32,30.39,30.39,1.97,1.89,1.74,1.86,1.59,9.05,158.45
63,Midfielder,0.0,Bournemouth,4.8,0.2,2.25,1,0,8,0,0,0,1,0,0,0,0,0,0.0,1.0,0.0,3,Marcondes,6.58,3.95,3.95,2.63,2.63,0.47,0.28,0.27,0.19,0.17,1.38,19.74
64,Midfielder,2.0,Bournemouth,5.0,4.6,0.575,23,2,720,2,1,0,19,1,3,0,1,0,0.4,2.9,0.6,3,Lerma,82.14,82.14,82.14,82.14,82.14,2.86,2.83,2.66,2.99,2.46,13.8,410.7
65,Defender,0.7,Bournemouth,4.3,0.2,0.19148936170212766,1,0,94,0,0,0,4,0,0,0,1,0,0.2,0.3,0.0,2,Stacey,9.47,9.47,9.47,14.21,9.47,0.45,0.43,0.4,0.69,0.37,2.34,52.09
66,Forward,5.3,Bournemouth,5.7,3.7,0.6727272727272727,21,2,495,3,1,1,7,0,3,0,0,0,0.9,3.5,1.3,4,Solanke,80.4,80.4,80.4,80.4,80.4,4.15,4.18,3.83,4.44,3.47,20.07,402.0
67,Midfielder,3.7,Bournemouth,4.9,4.1,0.6565836298932384,20,3,562,1,0,1,14,0,2,0,0,0,0.8,2.5,0.1,3,L Cook,73.4,73.4,69.55,61.79,54.21,2.42,2.39,2.21,2.21,1.79,11.02,332.35
68,Midfielder,0.0,Bournemouth,4.5,1.3,0.5571428571428572,6,0,210,0,0,0,7,0,1,0,1,0,0.0,1.5,0.2,3,Pearson,0.0,5.26,14.21,25.0,35.53,0.0,0.3,0.7,1.12,1.3,3.42,80.0
69,Midfielder,1.3,Bournemouth,5.3,2.3,0.5061124694376528,12,1,409,0,0,0,11,0,1,0,1,0,0.2,1.5,0.1,3,Christie,60.3,54.93,50.17,43.98,33.68,2.79,2.59,2.24,2.28,1.6,11.5,243.05999999999997
70,Midfielder,6.3,Bournemouth,5.3,5.3,0.8368421052631578,28,3,570,2,2,0,11,0,3,0,1,0,1.2,3.5,0.5,3,Billing,69.04,64.67,59.99,55.64,53.63,3.06,2.9,2.55,2.74,2.18,13.43,302.97
71,Defender,3.0,Bournemouth,4.4,4.5,0.569620253164557,20,6,711,4,0,0,18,1,3,0,2,0,0.7,2.5,0.1,2,Mepham,82.14,82.14,81.71,80.64,78.5,2.98,2.74,2.52,2.96,2.13,13.329999999999998,405.13
72,Goalkeeper,0.0,Bournemouth,4.4,1.8,0.45,8,0,360,0,0,0,16,0,1,13,0,0,0.0,2.0,0.4,1,Travers,10.4,10.39,10.39,10.39,10.39,0.4,0.38,0.39,0.42,0.34,1.93,51.96
73,Defender,1.3,Bournemouth,4.5,5.1,1.02,23,0,450,3,0,2,9,0,2,0,0,0,0.3,4.6,0.9,2,Kelly,0.0,11.84,28.74,50.36,63.5,0.0,0.42,0.94,1.95,1.88,5.1899999999999995,154.44
74,Midfielder,0.0,Bournemouth,4.8,0.0,0.0,0,0,0,0,0,0,0,0,0,0,0,0,0.0,0.0,0.1,3,Dembele,0.66,0.66,0.66,0.66,0.66,0.05,0.05,0.04,0.05,0.04,0.23,3.3000000000000003
75,Midfielder,2.7,Bournemouth,5.3,2.3,1.3441558441558439,12,0,154,1,1,0,10,0,0,0,0,0,0.5,2.4,0.1,3,Anthony,36.83,27.63,19.74,17.68,17.68,2.21,1.76,1.27,1.3,1.11,7.65,119.56
76,Defender,4.0,Bournemouth,4.4,5.0,0.7992895204262876,22,6,563,1,0,1,15,0,3,0,1,0,0.9,3.1,0.2,2,Zemura,62.43,50.17,45.93,41.6,41.6,2.67,2.04,1.74,1.86,1.41,9.72,241.73
404,Defender,0.3,Bournemouth,4.3,0.5,0.9574468085106382,2,0,47,0,0,0,2,0,0,0,0,0,0.1,0.7,0.0,2,Stephens,7.11,7.11,7.11,0.0,7.11,0.33,0.31,0.29,0.0,0.27,1.2,28.44
505,Midfielder,0.0,Bournemouth,4.9,0.0,0.0,0,0,0,0,0,0,0,0,0,0,0,0,0.0,0.0,0.0,3,Rothwell,0.0,3.16,8.11,11.84,11.84,0.0,0.24,0.55,0.79,0.71,2.29,34.95
535,Midfielder,2.0,Bournemouth,4.9,3.7,0.48051948051948057,18,3,693,0,0,0,19,0,3,0,1,0,0.4,2.2,0.1,3,Tavernier,78.65,78.65,78.65,78.65,78.65,3.24,3.24,3.01,3.41,2.78,15.68,393.25
539,Defender,0.0,Bournemouth,4.4,0.0,0.0,0,0,0,0,0,0,0,0,0,0,0,0,0.0,0.0,0.0,2,Hill,0.92,0.92,0.92,0.92,0.92,0.03,0.03,0.03,0.03,0.03,0.15,4.6000000000000005
574,Goalkeeper,4.0,Bournemouth,4.5,4.0,1.0,18,8,360,1,0,0,3,0,2,14,2,0,0.9,4.5,0.3,1,N Neto,79.6,79.6,79.6,79.6,79.6,3.17,3.01,3.08,3.33,2.71,15.3,398.0
576,Defender,3.7,Bournemouth,4.5,2.2,0.6092307692307692,10,9,325,3,0,0,12,0,1,0,0,0,0.8,2.0,0.1,2,Senesi,79.98,78.93,67.5,52.36,42.93,3.0,2.77,2.22,2.05,1.28,11.319999999999999,321.70000000000005
598,Defender,0.0,Bournemouth,4.0,0.2,2.25,1,0,8,0,0,0,1,0,0,0,0,0,0.0,1.0,0.1,2,Bevan,0.05,0.05,0.05,0.05,0.05,0.0,0.0,0.0,0.0,0.0,0.0,0.25
78,Defender,2.7,Brentford,4.4,3.6,0.631578947368421,16,6,513,0,0,0,10,0,2,0,0,0,0.6,2.7,0.9,2,Jansson,76.36,66.36,60.07,54.69,54.69,3.27,2.22,2.49,1.86,1.89,11.73,312.17
79,Midfielder,0.0,Brentford,5.4,2.8,0.8155339805825242,15,0,309,1,1,0,6,0,1,0,0,0,0.0,3.8,0.2,3,Norgaard,0.0,7.11,16.42,26.53,40.4,0.0,0.29,0.67,0.96,1.47,3.3899999999999997,90.46000000000001
80,Forward,6.7,Brentford,7.3,6.6,0.825,48,1,720,8,5,2,12,0,2,0,2,0,0.9,6.0,24.2,4,Toney,83.67,83.02,82.14,82.14,82.14,4.63,3.62,4.2,3.67,3.87,19.99,413.10999999999996
81,Goalkeeper,3.3,Brentford,4.5,6.9,0.8625,31,6,720,2,0,0,12,0,2,30,0,0,0.7,3.9,7.0,1,Raya,87.8,87.81,87.81,87.81,87.81,4.4,3.54,3.85,3.18,3.64,18.61,439.04
82,Defender,0.0,Brentford,5.0,0.0,0.0,0,0,0,0,0,0,0,0,0,0,0,0,0.0,0.0,0.1,2,Canos,34.11,34.11,30.32,21.32,21.32,1.96,1.56,1.68,1.02,1.05,7.2700000000000005,141.17999999999998
83,Midfielder,1.3,Brentford,4.5,4.9,1.105263157894737,22,1,399,0,2,0,7,0,1,0,1,0,0.3,2.8,6.6,3,Dasilva,42.07,42.07,39.5,39.5,37.67,2.01,1.77,1.87,1.72,1.71,9.08,200.81
84,Defender,2.3,Brentford,4.5,1.6,0.9600000000000001,7,6,150,0,0,0,3,0,1,0,0,0,0.5,3.5,0.1,2,Ajer,58.83,47.86,43.5,43.5,43.5,2.43,1.55,1.72,1.4,1.45,8.549999999999999,237.19
85,Defender,2.7,Brentford,4.5,5.1,0.6375,23,6,720,0,0,1,12,0,2,0,0,0,0.6,2.9,1.1,2,Henry,78.24,78.24,78.24,78.24,78.24,3.39,2.66,3.26,2.63,2.76,14.700000000000001,391.2
86,Midfielder,2.3,Brentford,5.5,4.5,0.8490566037735848,25,3,477,3,1,1,8,0,1,0,0,0,0.4,3.1,0.2,3,Janelt,61.17,61.17,59.42,54.93,51.0,2.69,2.28,2.49,2.11,2.08,11.65,287.69
87,Midfielder,0.0,Brentford,4.9,0.4,2.0,2,0,18,0,0,0,1,0,0,0,0,0,0.0,1.0,0.0,3,Ghoddos,6.32,5.26,5.26,4.21,4.21,0.49,0.37,0.4,0.3,0.31,1.87,25.26
88,Midfielder,2.3,Brentford,5.1,5.9,0.8879598662207357,30,3,598,3,1,2,11,0,2,0,0,0,0.5,3.8,2.8,3,Jensen,73.4,71.66,71.66,69.55,66.07,3.29,2.71,3.04,2.64,2.67,14.35,352.34
89,Midfielder,2.7,Brentford,5.4,4.4,1.2733118971061095,24,1,311,1,2,1,5,0,0,0,1,0,0.5,3.0,0.3,3,Wissa,42.07,39.5,37.79,33.16,33.16,2.57,2.06,2.25,1.88,1.97,10.73,185.67999999999998
90,Defender,0.0,Brentford,4.4,1.4,1.4,6,0,90,0,0,0,0,0,1,0,0,0,0.0,6.0,0.0,2,Roerslev,5.53,5.53,5.53,5.53,5.53,0.31,0.27,0.31,0.27,0.27,1.4300000000000002,27.650000000000002
92,Defender,0.0,Brentford,4.4,0.0,0.0,0,0,0,0,0,0,0,0,0,0,0,0,0.0,0.0,0.0,2,Pinnock,29.47,60.07,75.55,78.5,78.5,1.22,2.0,3.11,2.64,2.72,11.690000000000001,322.09
93,Midfielder,1.0,Brentford,4.9,1.0,0.9375,5,1,96,0,0,0,1,0,0,0,0,0,0.2,1.0,0.0,3,Onyeka,21.32,19.74,18.42,14.47,12.5,1.14,0.98,1.01,0.81,0.71,4.65,86.45
94,Midfielder,2.7,Brentford,4.5,3.1,0.9299999999999999,14,3,300,0,0,1,3,0,1,0,0,0,0.6,1.8,0.3,3,Baptiste,27.63,26.84,25.05,24.32,22.74,1.53,1.36,1.41,1.29,1.26,6.85,126.58
95,Forward,4.0,Brentford,5.9,4.4,0.6460032626427407,26,2,613,2,2,0,12,0,2,0,0,0,0.7,3.2,1.9,4,Mbeumo,78.65,76.9,75.15,73.02,73.02,3.53,2.87,3.19,2.79,2.94,15.319999999999999,376.74
96,Defender,0.0,Brentford,3.9,0.0,0.0,0,0,0,0,0,0,0,0,0,0,0,0,0.0,0.0,0.7,2,Goode,0.05,0.05,0.05,0.05,0.05,0.0,0.0,0.0,0.0,0.0,0.0,0.25
510,Defender,0.3,Brentford,5.0,2.0,0.3010033444816054,10,0,598,0,0,0,11,0,1,0,4,0,0.1,1.2,0.4,2,Hickey,74.28,74.28,72.16,70.81,70.04,2.95,2.32,2.81,2.24,2.25,12.57,361.57
515,Midfielder,0.3,Brentford,5.3,1.7,0.7355769230769231,9,0,208,0,0,1,3,0,0,0,0,0,0.1,1.8,0.1,3,Lewis-Potter,0.0,4.21,11.84,22.74,33.68,0.0,0.3,0.76,1.18,1.6,3.8400000000000003,72.47
517,Goalkeeper,0.0,Brentford,4.4,0.0,0.0,0,0,0,0,0,0,0,0,0,0,0,0,0.0,0.0,0.2,1,Strakosha,1.84,1.84,1.84,1.84,1.84,0.08,0.07,0.07,0.06,0.07,0.35000000000000003,9.200000000000001
526,Defender,3.0,Brentford,4.5,6.0,0.7848837209302325,27,7,688,3,1,0,12,0,2,0,1,0,0.7,3.4,3.0,2,Mee,60.83,50.05,45.5,45.5,45.5,2.58,1.65,1.85,1.5,1.55,9.13,247.38
540,Defender,0.0,Brentford,4.0,0.0,0.0,0,0,0,0,0,0,0,0,0,0,0,0,0.0,0.0,0.2,2,Stevens,0.05,0.05,0.05,0.05,0.05,0.0,0.0,0.0,0.0,0.0,0.0,0.25
580,Midfielder,1.3,Brentford,5.3,1.1,0.7734375000000001,6,3,128,0,0,0,0,0,1,0,1,0,0.2,1.2,0.1,3,Damsgaard,44.64,44.64,44.64,44.64,44.64,2.19,1.89,2.09,1.9,1.97,10.040000000000001,223.2
595,Defender,0.7,Brentford,4.0,1.5,0.6553398058252428,6,1,206,0,0,0,3,0,0,0,0,0,0.2,1.5,1.0,2,Zanka,0.59,0.59,0.59,0.59,0.59,0.03,0.02,0.03,0.02,0.02,0.12000000000000001,2.9499999999999997
101,Midfielder,0.5,Brighton,4.9,1.8,0.7534883720930233,9,1,215,0,0,0,1,0,2,0,0,0,0.1,2.2,0.1,3,Lallana,12.63,33.75,45.6,48.5,48.5,0.61,1.42,1.88,2.24,1.65,7.800000000000001,188.98000000000002
102,Goalkeeper,0.0,Brighton,4.0,0.0,0.0,0,0,0,0,0,0,0,0,0,0,0,0,0.0,0.0,0.7,1,Steele,1.84,1.75,1.84,1.84,1.84,0.05,0.06,0.07,0.09,0.04,0.31,9.11
103,Forward,5.0,Brighton,6.5,4.2,0.6702127659574468,27,5,564,2,0,4,6,0,3,0,0,0,0.8,3.9,1.2,4,Welbeck,71.29,64.4,67.79,67.79,67.79,2.71,3.05,3.47,4.19,2.5,15.920000000000002,339.06000000000006
104,Midfielder,3.5,Brighton,6.0,7.3,1.0877483443708609,44,2,604,6,3,2,8,0,3,0,0,0,0.6,6.3,22.7,3,Gross,76.9,69.73,74.28,71.66,73.4,2.69,3.07,3.5,4.12,2.52,15.899999999999999,365.97
106,Defender,1.0,Brighton,4.6,5.0,0.7142857142857142,23,1,630,2,0,0,8,1,3,0,0,0,0.2,3.3,4.4,2,Dunk,85.43,81.16,85.43,85.43,85.43,2.08,2.96,3.31,4.32,1.91,14.58,422.88000000000005
107,Midfielder,5.5,Brighton,5.0,5.2,0.7972742759795571,26,6,587,1,0,3,8,0,3,0,1,0,1.1,3.7,0.4,3,March,76.9,64.4,63.5,63.5,63.5,2.45,2.53,2.64,3.11,2.06,12.790000000000001,331.8
108,Defender,0.0,Brighton,4.5,4.4,0.6285714285714287,20,-1,630,0,0,0,8,1,3,0,1,0,0.0,2.9,0.6,2,Webster,82.14,78.04,82.14,82.14,82.14,1.88,2.72,3.09,4.06,1.7,13.45,406.59999999999997
109,Defender,1.0,Brighton,4.6,5.9,0.9123711340206186,27,1,582,4,0,0,8,0,3,0,0,0,0.2,3.9,4.6,2,Veltman,82.79,73.06,76.9,76.9,76.9,1.98,2.65,2.98,3.85,1.74,13.2,386.55000000000007
111,Midfielder,16.0,Brighton,6.6,7.9,1.2258620689655173,52,20,580,5,5,2,8,0,3,0,1,0,2.4,7.4,6.6,3,Trossard,78.65,70.56,73.4,73.4,73.4,2.96,3.41,3.84,4.72,2.69,17.62,369.40999999999997
113,Goalkeeper,1.5,Brighton,4.7,6.4,0.9142857142857143,30,2,630,4,0,0,8,0,3,20,0,0,0.3,4.3,15.4,1,R Sanchez,87.8,83.42,87.81,87.81,87.81,2.33,3.05,3.76,4.6,2.12,15.86,434.65
114,Defender,1.0,Brighton,4.3,1.4,1.5749999999999997,6,1,80,0,0,0,0,0,0,0,0,0,0.2,1.0,1.4,2,Lamptey,15.79,24.0,25.26,25.26,25.26,0.82,1.33,1.46,1.76,1.04,6.41,115.57000000000001
115,Midfielder,0.0,Brighton,4.4,0.0,0.0,0,0,0,0,0,0,0,0,0,0,0,0,0.0,0.0,0.2,3,Alzate,0.05,0.05,0.05,0.05,0.05,0.0,0.0,0.0,0.0,0.0,0.0,0.25
116,Midfielder,8.0,Brighton,5.7,7.2,1.0285714285714285,41,2,630,9,4,0,8,1,3,0,3,0,1.4,5.9,7.3,3,Mac Allister,82.14,74.72,77.83,77.01,76.6,2.81,3.22,3.53,4.26,2.55,16.37,388.29999999999995
117,Midfielder,0.0,Brighton,4.4,0.0,0.0,0,0,0,0,0,0,0,0,0,0,0,0,0.0,0.0,0.0,3,Moder,0.0,0.0,0.0,0.0,0.0,0.0,0.0,0.0,0.0,0.0,0.0,0.0
118,Midfielder,2.5,Brighton,5.3,2.1,0.9043062200956937,11,0,209,0,0,1,4,0,0,0,0,0,0.5,1.8,0.1,3,Mwepu,2.11,34.99,33.16,33.16,33.16,0.14,1.68,1.77,2.0,1.48,7.07,136.57999999999998
119,Midfielder,0.0,Brighton,4.5,0.0,0.0,0,0,0,0,0,0,0,0,0,0,0,0,0.0,0.0,0.0,3,Sarmiento,0.05,0.05,0.05,0.05,0.05,0.0,0.0,0.0,0.0,0.0,0.0,0.25
120,Midfielder,4.5,Brighton,5.0,4.4,0.6407766990291263,22,2,618,0,1,0,8,0,3,0,0,0,0.9,3.1,0.4,3,Caicedo,84.55,78.65,82.79,82.79,82.79,2.4,2.63,2.89,3.38,2.3,13.600000000000001,411.57000000000005
123,Forward,0.5,Brighton,5.1,0.6,3.0,3,0,18,0,0,0,0,0,0,0,0,0,0.1,1.0,0.3,4,Undav,21.05,12.0,12.63,12.63,12.63,1.24,0.9,0.97,1.07,0.86,5.040000000000001,70.94
124,Midfielder,2.0,Brighton,4.9,1.6,1.8227848101265822,8,4,79,0,0,1,0,0,0,0,0,0,0.4,1.6,0.0,3,Mitoma,15.79,13.5,14.21,14.21,14.21,1.11,1.05,1.13,1.25,0.98,5.52,71.92
125,Forward,0.0,Brighton,4.8,0.0,0.0,0,0,0,0,0,0,0,0,0,0,0,0,0.0,0.0,0.3,4,Enciso,2.11,2.0,2.11,2.11,2.11,0.15,0.16,0.17,0.19,0.15,0.82,10.439999999999998
149,Midfielder,0.5,Brighton,4.4,0.2,18.0,1,0,1,0,0,0,0,0,0,0,0,0,0.1,1.0,0.6,3,Gilmour,25.26,12.5,13.16,13.16,13.16,1.22,0.86,0.92,0.99,0.84,4.83,77.24
544,Defender,0.0,Brighton,4.0,0.2,9.0,1,0,2,0,0,0,0,0,0,0,0,0,0.0,1.0,0.3,2,van Hecke,0.59,0.56,0.59,0.59,0.59,0.02,0.02,0.03,0.03,0.02,0.12000000000000001,2.9199999999999995
559,Defender,0.0,Brighton,4.4,0.5,3.75,2,0,12,0,0,0,0,0,0,0,0,0,0.0,1.0,0.1,2,Colwill,12.89,12.25,12.89,12.89,12.89,0.5,0.61,0.67,0.81,0.47,3.0599999999999996,63.81
586,Defender,0.5,Brighton,4.5,2.7,1.0,12,0,243,1,0,1,5,0,1,0,2,0,0.1,2.4,0.5,2,Estupinan,68.68,55.58,55.31,55.31,55.31,1.82,2.24,2.39,3.06,1.45,10.96,290.19
596,Forward,0.0,Brighton,4.5,0.0,0.0,0,0,0,0,0,0,0,0,0,0,0,0,0.0,0.0,0.2,4,E Ferguson,0.05,0.05,0.05,0.05,0.05,0.0,0.0,0.0,0.0,0.0,0.0,0.25
112,Defender,0.5,Chelsea,5.1,2.4,0.48430493273542596,12,0,446,0,0,2,9,0,0,0,2,0,0.1,2.0,9.0,2,Cucurella,0.0,56.83,72.67,72.67,72.67,0.0,3.16,3.36,3.35,3.39,13.26,274.84000000000003
127,Defender,0.0,Chelsea,4.8,2.3,0.9366515837104072,11,0,221,1,0,0,4,0,1,0,0,0,0.0,2.2,1.4,2,Azpilicueta,34.46,37.79,40.07,38.55,37.79,1.9,2.37,2.12,2.07,2.05,10.509999999999998,188.66
128,Defender,7.0,Chelsea,5.4,4.6,0.6571428571428571,25,6,630,5,0,2,10,0,1,0,1,0,1.3,3.6,6.0,2,T Silva,80.1,79.33,76.36,76.36,76.36,3.59,4.13,3.3,3.26,3.27,17.55,388.51000000000005
130,Midfielder,1.0,Chelsea,5.9,3.6,0.7587822014051522,21,1,427,3,1,0,7,0,1,0,0,0,0.2,3.0,2.7,3,Jorginho,68.25,61.83,56.93,52.26,46.36,2.58,2.7,2.27,2.17,1.97,11.690000000000001,285.63
132,Midfielder,1.5,Chelsea,4.9,1.0,0.40723981900452494,5,1,221,0,0,0,2,0,0,0,1,0,0.3,1.2,0.3,3,Kovacic,67.46,65.21,63.5,60.07,56.83,2.6,2.88,2.54,2.53,2.42,12.969999999999999,313.07
133,Goalkeeper,1.0,Chelsea,4.4,0.5,0.5,2,2,90,0,0,0,1,0,0,2,0,0,0.2,2.0,0.4,1,Kepa,85.2,56.36,19.92,19.92,19.92,3.97,2.81,0.85,0.84,0.8,9.270000000000001,201.32000000000005
134,Midfielder,0.0,Chelsea,4.8,1.0,0.5172413793103449,5,0,174,0,0,0,1,0,1,0,0,0,0.0,2.5,1.3,3,Kante,0.0,11.84,25.58,49.21,66.83,0.0,0.56,1.02,1.93,2.53,6.039999999999999,153.45999999999998
135,Midfielder,0.0,Chelsea,5.7,0.5,0.3879310344827586,3,0,116,0,0,0,3,0,0,0,0,0,0.0,1.5,0.4,3,Ziyech,10.21,10.53,10.53,10.53,10.53,0.74,0.85,0.78,0.81,0.81,3.99,52.330000000000005
136,Midfielder,1.0,Chelsea,5.0,2.0,0.39473684210526316,10,1,456,0,0,0,9,0,0,0,1,0,0.2,1.4,0.2,3,Loftus-Cheek,18.38,12.63,11.05,5.89,3.95,0.84,0.67,0.58,0.36,0.26,2.71,51.900000000000006
139,Defender,6.0,Chelsea,5.8,4.1,1.7655502392344495,24,2,209,0,1,2,1,0,1,0,0,0,1.0,4.0,3.3,2,Chilwell,24.51,25.26,25.26,25.26,25.26,1.65,1.92,1.68,1.69,1.7,8.639999999999999,125.55000000000001
140,Midfielder,2.5,Chelsea,5.7,1.6,0.8944099378881988,9,4,161,0,0,1,2,0,0,0,1,0,0.4,1.3,0.5,3,Pulisic,8.93,9.21,9.21,9.21,9.21,0.66,0.75,0.69,0.72,0.72,3.54,45.77
141,Defender,0.0,Chelsea,4.7,0.4,0.4,2,0,90,0,0,0,1,0,0,0,0,0,0.0,2.0,0.3,2,T Chalobah,7.96,8.21,8.21,8.21,8.21,0.36,0.43,0.36,0.36,0.36,1.8699999999999997,40.800000000000004
142,Midfielder,1.0,Chelsea,7.6,2.0,0.37656903765690375,15,1,478,0,0,1,9,0,1,0,1,0,0.1,2.1,3.4,3,Mount,67.46,58.36,58.36,58.36,58.36,3.55,3.73,3.28,3.47,3.49,17.52,300.90000000000003
145,Forward,4.0,Chelsea,7.7,2.1,0.37724550898203596,16,2,501,2,1,0,8,0,1,0,3,0,0.5,2.3,2.1,4,Havertz,62.4,45.17,45.05,44.81,44.69,2.91,2.65,2.38,2.5,2.54,12.98,242.12
146,Defender,1.5,Chelsea,6.0,4.2,0.7000000000000001,25,2,540,5,1,1,8,0,1,0,3,0,0.2,4.2,37.4,2,R James,76.3,77.37,71.88,71.48,71.09,4.42,5.33,4.08,4.11,4.2,22.14,368.12
147,Goalkeeper,1.0,Chelsea,4.9,3.5,0.5833333333333334,17,0,540,0,0,0,9,0,1,18,1,0,0.2,2.8,11.2,1,E Mendy,1.79,33.39,69.93,69.93,69.93,0.08,1.59,3.06,3.03,2.84,10.6,244.97000000000003
148,Midfielder,4.5,Chelsea,5.7,1.9,1.0118343195266273,11,8,169,2,1,0,4,0,0,0,0,1,0.8,1.8,0.5,3,Gallagher,24.12,18.95,14.74,10.32,7.89,1.13,1.05,0.8,0.65,0.53,4.159999999999999,76.02
150,Forward,1.0,Chelsea,5.3,0.9,0.9529411764705882,5,1,85,0,0,0,2,0,0,0,0,0,0.2,1.0,0.5,4,Broja,28.59,18.95,10.53,10.53,10.53,1.47,1.15,0.67,0.69,0.7,4.68,79.13
272,Defender,2.0,Chelsea,4.4,0.9,0.225,4,2,360,0,0,0,8,0,0,0,1,0,0.5,1.0,2.5,2,Fofana,74.1,76.36,76.36,76.36,76.36,3.13,3.79,3.12,3.09,3.08,16.21,379.54
304,Midfielder,2.0,Chelsea,10.0,3.6,0.5373134328358209,36,2,603,4,3,1,9,0,1,0,1,0,0.2,5.1,9.5,3,Sterling,69.15,71.29,71.29,71.29,71.29,4.27,5.31,4.58,4.88,4.98,24.02,354.31000000000006
520,Defender,1.0,Chelsea,5.5,2.5,0.5269320843091335,14,0,427,0,1,0,8,0,1,0,0,1,0.2,2.8,7.2,2,Koulibaly,82.0,82.14,82.14,82.14,82.14,3.53,4.16,3.43,3.39,3.4,17.91,410.55999999999995
616,Midfielder,0.0,Chelsea,5.0,0.0,0.0,0,0,0,0,0,0,0,0,0,0,0,0,0.0,0.0,0.0,3,Zakaria,10.72,16.84,14.74,10.32,7.89,0.58,0.83,0.73,0.6,0.49,3.2299999999999995,60.510000000000005
617,Forward,4.5,Chelsea,9.0,1.0,1.2162162162162162,9,9,74,3,1,0,1,0,0,0,0,0,0.5,9.0,1.0,4,Aubameyang,55.13,55.31,55.31,55.31,55.31,2.83,3.32,2.95,3.16,3.19,15.450000000000001,276.37
152,Goalkeeper,4.0,Crystal Palace,4.5,3.6,0.5142857142857142,16,1,630,0,0,0,11,0,1,17,1,0,0.9,2.3,2.1,1,Guaita,79.0,81.42,81.42,81.42,81.42,3.08,3.83,3.28,3.99,3.75,17.93,404.68000000000006
153,Defender,0.5,Crystal Palace,3.9,0.3,0.5869565217391304,1,1,46,0,0,0,1,0,0,0,0,0,0.1,1.0,0.7,2,Tomkins,0.05,0.05,0.05,0.05,0.05,0.0,0.0,0.0,0.0,0.0,0.0,0.25
154,Midfielder,0.0,Crystal Palace,4.8,0.0,0.0,0,0,0,0,0,0,0,0,0,0,0,0,0.0,0.0,0.0,3,McArthur,0.0,1.32,4.74,11.05,22.11,0.0,0.09,0.25,0.56,1.0,1.9,39.22
156,Defender,3.0,Crystal Palace,4.5,2.4,0.4,11,1,540,0,0,0,9,0,1,0,2,0,0.7,1.8,0.2,2,J Ward,76.14,78.5,78.5,76.83,75.79,2.48,3.08,2.43,3.31,2.77,14.07,385.76
157,Defender,1.0,Crystal Palace,4.5,1.6,0.3486682808716707,7,1,413,0,0,0,8,0,0,0,1,0,0.2,1.2,0.2,2,Clyne,57.44,59.21,59.21,55.98,54.39,1.95,2.38,1.91,2.46,2.06,10.76,286.23
158,Midfielder,0.0,Crystal Palace,4.4,0.9,1.6875,4,0,48,0,0,0,2,0,0,0,0,0,0.0,1.0,0.5,3,Milivojevic,17.23,17.76,17.11,16.45,12.74,1.01,1.2,1.04,1.06,0.86,5.170000000000001,81.28999999999999
159,Midfielder,4.0,Crystal Palace,5.4,3.1,0.5717213114754098,17,5,488,0,0,1,10,0,1,0,0,0,0.7,2.4,0.3,3,Ayew,56.61,58.36,56.83,56.83,56.83,2.31,3.16,2.55,2.74,2.58,13.34,285.46
160,Midfielder,2.5,Crystal Palace,7.3,4.5,0.7627118644067796,33,2,531,3,4,0,7,0,1,0,1,0,0.3,5.5,17.4,3,Zaha,77.98,80.4,80.4,80.4,80.4,3.47,5.06,4.0,4.37,4.04,20.939999999999998,399.58000000000004
161,Midfielder,2.0,Crystal Palace,4.9,2.9,0.49809160305343514,14,1,524,0,0,0,9,0,2,0,1,0,0.4,2.0,0.1,3,Schlupp,75.89,78.24,78.24,74.76,70.36,2.66,3.6,3.0,3.13,2.8,15.190000000000001,377.49
162,Goalkeeper,0.0,Crystal Palace,4.4,0.0,0.0,0,0,0,0,0,0,0,0,0,0,0,0,0.0,0.0,0.1,1,Butland,0.0,0.18,0.18,0.18,0.18,0.0,0.01,0.01,0.01,0.01,0.04,0.72
163,Midfielder,0.5,Crystal Palace,4.8,1.0,1.7307692307692308,5,1,52,0,0,0,3,0,0,0,0,0,0.1,1.0,0.0,3,W Hughes,17.23,17.76,17.11,16.45,12.74,0.98,1.14,1.01,1.01,0.83,4.97,81.28999999999999
164,Midfielder,0.0,Crystal Palace,4.4,0.0,0.0,0,0,0,0,0,0,0,0,0,0,0,0,0.0,0.0,0.1,3,Riedewald,0.51,0.53,0.53,0.53,0.53,0.03,0.04,0.04,0.04,0.04,0.19000000000000003,2.63
165,Defender,3.5,Crystal Palace,4.5,4.2,0.7000000000000001,19,0,540,1,1,0,9,0,1,0,1,0,0.8,3.2,2.6,2,Andersen,82.0,84.55,84.55,84.55,84.55,3.18,3.84,3.03,4.14,3.52,17.709999999999997,420.20000000000005
166,Forward,3.0,Crystal Palace,5.3,2.8,0.6904109589041095,15,5,365,0,1,1,6,0,0,0,2,0,0.6,2.1,1.7,4,Edouard,43.3,44.64,44.64,44.64,44.64,2.0,2.78,2.3,2.39,2.28,11.749999999999998,221.85999999999996
167,Defender,3.5,Crystal Palace,4.3,2.6,0.37142857142857144,11,1,630,0,0,0,11,1,1,0,1,0,0.8,1.6,1.7,2,Guehi,82.01,84.55,84.55,84.55,84.55,2.86,3.57,2.82,3.85,3.28,16.38,420.21000000000004
168,Forward,1.5,Crystal Palace,5.3,1.9,0.9047619047619048,10,1,189,0,1,0,3,0,1,0,1,0,0.3,1.7,0.4,4,Mateta,34.72,34.74,34.74,34.74,34.74,1.84,2.54,2.08,2.16,2.07,10.690000000000001,173.68000000000004
169,Midfielder,2.5,Crystal Palace,5.5,4.4,0.7173913043478262,24,2,552,2,0,2,9,0,2,0,0,0,0.5,3.4,2.1,3,Eze,69.51,71.66,71.66,71.66,71.66,2.74,3.9,3.16,3.44,3.25,16.490000000000002,356.15
170,Defender,3.5,Crystal Palace,4.5,4.0,0.7563025210084033,18,1,476,1,0,1,8,0,1,0,0,0,0.8,2.6,0.8,2,Mitchell,63.26,65.21,65.21,65.21,64.36,2.39,2.9,2.35,3.12,2.67,13.430000000000001,323.25
171,Midfielder,1.5,Crystal Palace,5.4,1.7,0.6510638297872341,9,2,235,0,0,0,3,0,1,0,0,0,0.3,1.5,0.1,3,Olise,28.59,28.55,27.63,27.63,27.63,1.51,1.9,1.57,1.67,1.59,8.24,140.03
173,Midfielder,0.0,Crystal Palace,4.4,0.2,4.5,1,0,4,0,0,0,0,0,0,0,0,0,0.0,1.0,0.1,3,Ebiowei,2.04,2.11,2.11,2.11,2.11,0.14,0.17,0.16,0.16,0.16,0.7900000000000001,10.479999999999999
174,Defender,0.0,Crystal Palace,3.9,0.0,0.0,0,0,0,0,0,0,0,0,0,0,0,0,0.0,0.0,0.3,2,N Ferguson,0.0,0.79,1.58,5.26,11.05,0.0,0.07,0.13,0.35,0.56,1.11,18.68
175,Goalkeeper,0.0,Crystal Palace,4.4,0.0,0.0,0,0,0,0,0,0,0,0,0,0,0,0,0.0,0.0,0.1,1,Johnstone,7.93,8.18,8.18,8.18,8.18,0.31,0.38,0.33,0.39,0.38,1.79,40.65
514,Midfielder,2.5,Crystal Palace,5.0,3.8,0.5747899159663865,19,2,595,2,0,1,9,0,1,0,1,0,0.5,2.7,0.2,3,C Doucoure,79.68,82.14,82.14,80.4,80.4,2.45,3.19,2.68,2.9,2.72,13.940000000000001,404.76
530,Defender,0.0,Crystal Palace,4.4,0.5,1.0,2,0,45,0,0,0,3,0,0,0,0,0,0.0,0.7,0.1,2,C Richards,8.93,7.89,7.89,7.89,7.24,0.56,0.55,0.48,0.57,0.48,2.64,39.84
590,Goalkeeper,0.0,Crystal Palace,4.0,0.0,0.0,0,0,0,0,0,0,0,0,0,0,0,0,0.0,0.0,0.1,1,Whitworth,0.05,0.05,0.05,0.05,0.05,0.0,0.0,0.0,0.0,0.0,0.0,0.25
601,Midfielder,0.0,Crystal Palace,4.5,0.0,0.0,0,0,0,0,0,0,0,0,0,0,0,0,0.0,0.0,0.0,3,Rodney,0.05,0.05,0.05,0.05,0.05,0.0,0.0,0.0,0.0,0.0,0.0,0.25
604,Midfielder,0.0,Crystal Palace,4.5,0.0,0.0,0,0,0,0,0,0,0,0,0,0,0,0,0.0,0.0,0.0,3,Killian Phillips,0.05,0.05,0.05,0.05,0.05,0.0,0.0,0.0,0.0,0.0,0.0,0.25
110,Forward,4.3,Everton,6.1,2.1,0.7105263157894737,13,2,266,3,1,0,1,0,2,0,0,0,0.7,4.3,0.7,4,Maupay,56.83,35.37,28.42,28.42,28.42,3.02,1.89,1.33,1.37,1.57,9.18,177.45999999999998
176,Goalkeeper,3.0,Everton,4.0,2.2,2.2,9,0,90,2,0,0,0,0,1,4,0,0,0.8,9.0,1.0,1,Begovic,15.2,1.84,1.84,1.84,1.84,0.49,0.06,0.05,0.06,0.08,0.7400000000000001,22.56
177,Forward,0.7,Everton,5.0,1.0,1.0227272727272727,5,1,88,0,0,0,1,0,0,0,0,0,0.1,1.0,0.5,4,Rondon,2.63,1.32,1.32,1.32,1.32,0.19,0.09,0.08,0.08,0.09,0.53,7.910000000000001
178,Defender,0.7,Everton,4.5,0.4,0.4,2,2,90,0,0,0,1,0,0,0,0,0,0.2,2.0,0.1,2,Coleman,61.4,61.4,60.64,54.93,44.64,2.24,2.17,1.57,1.92,2.04,9.940000000000001,283.01
179,Midfielder,0.0,Everton,5.5,0.0,0.0,0,0,0,0,0,0,0,0,0,0,0,0,0.0,0.0,0.0,3,Townsend,0.0,0.0,0.0,0.0,0.0,0.0,0.0,0.0,0.0,0.0,0.0,0.0
180,Defender,0.0,Everton,4.2,0.2,0.8181818181818183,1,0,22,0,0,0,1,0,0,0,0,0,0.0,1.0,0.4,2,Keane,63.5,53.79,41.21,31.68,31.68,2.22,1.86,1.01,1.04,1.36,7.49,221.86
182,Goalkeeper,3.7,Everton,4.5,6.0,0.8571428571428572,27,2,630,3,0,1,7,0,1,31,3,0,0.8,3.9,5.0,1,Pickford,74.4,87.81,87.81,87.81,87.81,3.26,3.3,2.62,3.52,4.16,16.86,425.64000000000004
185,Midfielder,0.7,Everton,5.3,0.9,0.6044776119402985,5,1,134,0,0,0,2,0,0,0,0,0,0.1,1.2,0.1,3,A Doucoure,64.21,64.21,64.21,64.21,64.21,2.56,2.46,2.12,2.25,2.58,11.97,321.04999999999995
186,Midfielder,4.7,Everton,5.5,4.7,0.5875,26,5,720,0,0,3,7,0,2,0,1,0,0.9,3.2,0.4,3,Iwobi,68.68,62.92,54.93,55.64,56.8,2.85,2.58,2.06,2.19,2.5,12.18,298.97
188,Defender,0.0,Everton,4.3,0.2,0.2608695652173913,1,0,69,0,0,0,1,0,0,0,1,0,0.0,1.0,0.1,2,Mina,7.11,16.42,20.63,20.63,20.63,0.3,0.64,0.59,0.76,0.95,3.24,85.41999999999999
189,Midfielder,2.7,Everton,5.5,4.5,0.5785714285714285,25,2,700,2,1,0,6,0,2,0,0,0,0.5,3.1,0.9,3,D Gray,56.83,58.44,58.44,58.44,58.75,2.81,2.77,2.36,2.48,2.87,13.29,290.9
190,Midfielder,1.3,Everton,4.9,1.4,0.4344827586206896,7,1,290,0,0,0,3,0,1,0,2,0,0.3,1.2,0.0,3,T Davies,5.26,5.26,5.26,5.26,5.26,0.32,0.31,0.29,0.3,0.32,1.54,26.299999999999997
191,Forward,0.0,Everton,7.9,0.0,0.0,0,0,0,0,0,0,0,0,0,0,0,0,0.0,0.0,0.2,4,Calvert-Lewin,30.95,56.93,66.0,66.0,66.0,1.85,3.2,2.99,3.11,3.69,14.84,285.88
192,Defender,0.0,Everton,4.4,2.7,0.761755485893417,12,0,319,2,0,0,4,0,1,0,1,0,0.0,3.0,0.1,2,Holgate,14.74,27.26,42.5,52.31,62.88,0.5,0.88,0.97,1.64,2.59,6.579999999999999,199.69
193,Defender,0.0,Everton,4.3,0.2,1.0588235294117647,1,0,17,0,0,0,0,0,0,0,0,0,0.0,1.0,0.0,2,Godfrey,0.0,0.0,0.0,0.0,0.0,0.0,0.0,0.0,0.0,0.0,0.0,0.0
194,Defender,4.7,Everton,4.5,4.9,0.6167832167832168,22,2,715,0,0,0,7,0,2,0,1,0,1.0,2.8,0.6,2,Mykolenko,80.4,78.24,78.24,77.37,73.79,2.76,2.58,1.84,2.52,3.15,12.85,388.04
195,Midfielder,2.0,Everton,5.6,4.5,0.6521739130434783,25,1,621,2,2,0,6,0,2,0,4,0,0.4,3.1,4.6,3,Gordon,60.17,55.31,56.12,56.28,56.6,2.79,2.45,2.08,2.22,2.61,12.15,284.48
197,Defender,4.0,Everton,4.1,4.9,0.7000000000000001,20,0,630,0,0,0,6,0,2,0,1,0,1.0,2.9,6.2,2,Patterson,0.0,0.0,4.21,13.68,30.32,0.0,0.0,0.14,0.5,1.28,1.92,48.21
199,Defender,5.3,Everton,4.4,5.7,0.7125,25,2,720,2,0,0,7,0,2,0,0,0,1.2,3.1,1.2,2,Tarkowski,84.55,83.89,82.58,82.15,80.64,2.94,2.84,1.97,2.69,3.51,13.95,413.80999999999995
475,Defender,6.7,Everton,4.8,7.1,1.0306451612903227,34,9,620,4,1,1,5,0,2,0,1,0,1.4,4.9,4.0,2,Coady,82.36,79.33,75.0,72.83,59.21,2.7,2.54,1.7,2.29,2.43,11.66,368.72999999999996
531,Defender,0.0,Everton,4.3,0.5,1.875,2,0,24,0,0,0,0,0,0,0,0,0,0.0,1.0,0.1,2,Vinagre,17.68,14.74,14.74,14.74,14.74,0.78,0.65,0.52,0.64,0.77,3.3600000000000003,76.64
534,Midfielder,3.7,Everton,5.2,3.8,0.8009367681498828,20,10,427,3,1,0,6,0,0,0,1,0,0.7,2.5,0.1,3,McNeil,47.21,49.33,49.33,49.33,49.33,2.14,2.16,1.9,1.99,2.23,10.420000000000002,244.52999999999997
560,Midfielder,0.0,Everton,4.5,0.0,0.0,0,0,0,0,0,0,0,0,0,0,0,0,0.0,0.0,0.0,3,Mills,0.05,0.05,0.05,0.05,0.05,0.0,0.0,0.0,0.0,0.0,0.0,0.25
570,Midfielder,0.0,Everton,4.5,0.0,0.0,0,0,0,0,0,0,0,0,0,0,0,0,0.0,0.0,0.1,3,Garner,1.32,1.32,1.32,1.32,1.32,0.08,0.08,0.08,0.08,0.08,0.4,6.6000000000000005
577,Midfielder,3.3,Everton,4.9,3.9,0.7580993520518358,19,5,463,0,0,2,4,0,3,0,2,0,0.7,2.7,0.2,3,Onana,60.07,60.07,60.07,60.07,60.07,2.36,2.3,1.99,2.1,2.4,11.15,300.35
605,Defender,0.0,Everton,4.0,0.0,0.0,0,0,0,0,0,0,0,0,0,0,0,0,0.0,0.0,0.0,2,Welch,0.05,0.05,0.05,0.05,0.05,0.0,0.0,0.0,0.0,0.0,0.0,0.25
611,Midfielder,1.7,Everton,5.0,1.0,0.4326923076923077,5,1,208,0,0,0,1,0,1,0,1,0,0.3,1.7,0.1,3,Gueye,33.16,33.16,33.16,33.16,33.16,1.23,1.2,1.07,1.13,1.25,5.88,165.79999999999998
627,Goalkeeper,0.0,Everton,4.0,0.0,0.0,0,0,0,0,0,0,0,0,0,0,0,0,0.0,0.0,0.0,1,Jakupovic,0.18,0.18,0.18,0.18,0.18,0.01,0.01,0.0,0.01,0.01,0.04,0.8999999999999999
2,Goalkeeper,2.0,Fulham,4.5,2.9,0.4833333333333333,13,2,540,0,0,0,13,0,0,26,0,0,0.4,2.2,1.7,1,Leno,86.8,86.76,86.76,86.76,86.76,3.57,3.14,4.31,3.64,3.53,18.19,433.84
105,Defender,0.0,Fulham,4.4,0.5,22.5,2,0,2,0,0,0,0,0,0,0,0,0,0.0,1.0,0.2,2,Duffy,18.95,18.95,18.95,18.95,18.95,0.89,0.75,1.06,0.92,0.79,4.41,94.75
200,Midfielder,1.0,Fulham,4.8,1.7,1.1590909090909092,8,1,132,0,0,0,3,0,0,0,0,0,0.2,1.0,0.1,3,Cairney,50.17,20.53,20.53,20.53,31.32,2.03,1.19,1.35,1.26,1.61,7.44,143.08
201,Defender,0.7,Fulham,4.5,2.9,0.3640167364016736,13,0,717,0,0,0,15,0,1,0,0,0,0.2,1.6,0.1,2,Ream,64.17,64.17,64.17,64.17,64.17,2.26,1.77,2.76,2.31,1.86,10.959999999999999,320.85
203,Midfielder,-0.7,Fulham,4.4,0.0,0.0,0,-2,10,0,0,0,4,0,0,0,0,1,-0.2,0.0,0.1,3,N Chalobah,25.26,5.26,5.26,5.26,5.26,1.11,0.3,0.34,0.32,0.32,2.39,46.3
204,Midfielder,2.0,Fulham,5.5,3.3,0.7714285714285714,18,4,385,0,0,2,4,0,1,0,0,0,0.4,2.6,0.1,3,Kebano,40.74,40.74,40.74,39.93,44.64,2.02,1.93,2.37,2.1,2.34,10.76,206.79000000000002
205,Midfielder,4.3,Fulham,5.5,5.1,0.6652173913043478,28,7,690,1,2,1,14,0,1,0,3,0,0.8,3.5,0.2,3,Reid,60.86,52.36,52.22,51.23,55.21,2.67,2.26,2.87,2.49,2.67,12.959999999999999,271.88
209,Defender,2.7,Fulham,4.5,4.2,0.525,19,0,720,0,1,0,15,0,1,0,0,0,0.6,2.4,0.2,2,Adarabioyo,82.36,82.36,82.36,82.36,82.36,3.13,2.46,3.83,3.21,2.59,15.219999999999999,411.8
210,Forward,2.3,Fulham,6.9,5.9,0.7984962406015037,41,0,665,7,6,0,13,0,1,0,3,0,0.3,5.1,30.5,4,Mitrovic,68.26,79.11,79.11,79.11,79.11,3.52,3.85,5.19,4.4,4.63,21.59,384.70000000000005
211,Midfielder,4.3,Fulham,4.5,4.9,0.6125,22,1,720,3,1,0,15,0,1,0,3,0,1.0,2.8,1.3,3,Reed,82.79,71.29,71.29,71.29,71.29,2.63,2.22,2.74,2.46,2.42,12.47,367.95000000000005
212,Midfielder,0.0,Fulham,5.7,0.0,0.0,0,0,0,0,0,0,0,0,0,0,0,0,0.0,0.0,0.0,3,H Wilson,0.0,0.0,0.0,3.95,11.05,0.0,0.0,0.0,0.3,0.8,1.1,15.0
213,Goalkeeper,0.0,Fulham,4.4,1.6,0.8,7,0,180,0,0,0,2,0,1,2,0,0,0.0,3.5,0.2,1,Rodak,2.96,2.96,2.96,2.96,2.96,0.11,0.09,0.13,0.11,0.1,0.54,14.8
215,Defender,2.0,Fulham,4.5,4.2,0.6258278145695365,19,0,604,0,0,3,10,0,1,0,4,0,0.4,2.7,0.5,2,Tete,46.83,42.36,42.51,42.66,42.81,1.87,1.35,2.06,1.75,1.46,8.49,217.17
216,Midfielder,0.0,Fulham,4.4,0.0,0.0,0,0,0,0,0,0,0,0,0,0,0,0,0.0,0.0,0.1,3,Onomah,14.74,2.63,2.63,2.63,2.63,0.77,0.16,0.19,0.17,0.17,1.46,25.259999999999998
217,Defender,0.3,Fulham,4.4,2.3,0.43305439330543927,10,0,478,0,0,0,7,0,1,0,2,0,0.1,1.7,0.1,2,Robinson,30.32,48.14,48.14,48.14,48.14,1.17,1.43,2.22,1.87,1.54,8.23,222.88
220,Midfielder,3.0,Fulham,5.0,4.4,0.6376811594202899,22,0,621,2,2,0,11,0,1,0,5,0,0.6,3.1,0.3,3,Palhinha,0.0,76.5,76.5,76.5,76.5,0.0,2.21,2.85,2.52,2.44,10.02,306.0
231,Midfielder,1.3,Fulham,6.0,1.7,0.48417721518987344,10,2,316,0,0,0,8,0,1,0,0,0,0.2,1.4,0.2,3,D James,36.32,36.32,36.32,35.53,0.0,1.74,1.66,2.04,1.81,0.0,7.25,144.49
346,Midfielder,1.7,Fulham,4.6,5.7,0.7892307692307692,26,2,650,4,0,2,13,0,1,0,1,0,0.4,3.2,25.7,3,A Pereira,71.66,69.55,69.55,69.55,69.55,2.79,2.55,3.3,2.89,2.89,14.420000000000002,349.86
470,Defender,0.3,Fulham,4.3,0.5,0.3082191780821918,2,1,146,0,0,0,4,0,0,0,1,0,0.1,0.7,0.1,2,Diop,14.21,14.21,14.21,14.21,14.21,0.62,0.52,0.73,0.64,0.54,3.0500000000000003,71.05000000000001
532,Defender,0.3,Fulham,4.4,1.4,0.9618320610687023,6,0,131,0,0,1,6,0,0,0,1,0,0.1,1.2,0.2,2,Mbabu,59.12,44.64,44.64,44.64,44.64,2.5,1.71,2.47,2.13,1.82,10.629999999999999,237.67999999999995
546,Midfielder,0.0,Fulham,4.4,0.0,0.0,0,0,0,0,0,0,0,0,0,0,0,0,0.0,0.0,0.0,3,Harris,0.05,0.05,0.05,0.05,0.05,0.0,0.0,0.0,0.0,0.0,0.0,0.25
562,Midfielder,0.0,Fulham,4.9,0.2,0.75,1,0,24,0,0,0,1,0,0,0,0,0,0.0,1.0,0.0,3,Solomon,0.0,0.0,0.0,0.0,0.0,0.0,0.0,0.0,0.0,0.0,0.0,0.0
591,Forward,0.0,Fulham,4.5,0.0,0.0,0,0,0,0,0,0,0,0,0,0,0,0,0.0,0.0,0.1,4,Ablade,0.66,0.66,0.66,0.66,0.66,0.04,0.04,0.04,0.04,0.04,0.2,3.3000000000000003
613,Defender,0.0,Fulham,4.5,0.0,0.0,0,0,45,0,0,0,3,0,0,0,0,0,0.0,0.0,0.1,2,Kurzawa,43.98,43.57,43.41,43.26,43.1,1.81,1.45,2.21,1.86,1.54,8.870000000000001,217.31999999999996
614,Midfielder,2.3,Fulham,5.5,1.3,1.1818181818181819,7,0,99,1,0,1,2,0,0,0,0,0,0.4,3.5,0.2,3,Willian,66.94,66.94,66.94,66.07,69.91,3.01,2.83,3.69,3.15,3.34,16.02,336.79999999999995
618,Forward,1.0,Fulham,5.5,0.5,0.7627118644067796,3,1,59,0,0,0,2,0,0,0,0,0,0.2,1.0,0.0,4,Vinicius,21.05,18.95,18.95,18.95,26.53,1.32,1.2,1.45,1.3,1.74,7.01,104.43
249,Defender,-0.3,Leicester,4.4,0.9,0.12857142857142856,4,0,630,0,0,0,22,0,0,0,0,0,-0.1,0.6,0.3,2,Evans,84.55,84.55,84.55,84.55,84.55,3.7,3.36,3.46,3.26,2.97,16.75,422.75
250,Defender,0.0,Leicester,4.0,0.0,0.0,0,0,0,0,0,0,0,0,0,0,0,0,0.0,0.0,0.0,2,Bertrand,0.0,0.0,0.0,0.0,0.0,0.0,0.0,0.0,0.0,0.0,0.0,0.0
251,Midfielder,0.0,Leicester,4.8,0.0,0.0,0,0,0,0,0,0,0,0,0,0,0,0,0.0,0.0,0.1,3,Albrighton,3.95,3.95,3.95,3.95,3.95,0.27,0.26,0.25,0.28,0.25,1.31,19.75
252,Midfielder,0.0,Leicester,4.3,0.0,0.0,0,0,0,0,0,0,0,0,0,0,0,0,0.0,0.0,0.5,3,N Mendy,1.32,1.32,1.32,1.32,1.32,0.07,0.07,0.07,0.07,0.07,0.35000000000000003,6.6000000000000005
253,Defender,0.0,Leicester,3.9,0.0,0.0,0,0,0,0,0,0,0,0,0,0,0,0,0.0,0.0,7.0,2,Vestergaard,0.79,0.79,0.79,0.79,0.79,0.04,0.03,0.03,0.03,0.03,0.16,3.95
254,Goalkeeper,0.7,Leicester,4.0,2.0,0.2857142857142857,8,0,630,0,0,0,22,0,0,20,0,0,0.2,1.1,25.7,1,D Ward,81.8,74.74,69.93,69.93,69.93,3.71,3.24,2.91,2.81,2.68,15.35,366.33
255,Forward,0.7,Leicester,9.2,2.0,0.4157043879907621,18,0,433,0,0,2,11,0,1,0,0,0,0.1,2.6,2.3,4,Vardy,66.07,54.93,54.93,54.93,54.93,4.69,3.59,3.38,4.16,3.11,18.93,285.79
257,Defender,0.3,Leicester,4.3,1.2,0.30857142857142855,5,0,350,0,0,0,10,0,0,0,0,0,0.1,1.0,0.2,2,Amartey,25.26,25.26,25.26,25.26,25.26,0.99,0.91,0.94,0.86,0.82,4.52,126.30000000000001
258,Defender,0.7,Leicester,4.4,2.7,0.49090909090909096,12,0,495,1,1,1,19,0,0,0,0,0,0.2,2.0,1.2,2,Castagne,69.07,69.07,69.07,69.07,69.07,3.28,3.01,3.09,2.94,2.68,14.999999999999998,345.34999999999997
259,Midfielder,4.0,Leicester,6.3,3.7,0.6646706586826348,23,0,501,2,1,1,20,0,0,0,0,0,0.6,3.3,1.8,3,Tielemans,64.33,64.33,64.33,64.33,64.33,3.33,3.07,2.96,3.39,2.75,15.5,321.65
260,Midfielder,0.0,Leicester,4.8,1.5,1.3636363636363638,7,0,99,0,0,1,1,0,1,0,0,0,0.0,3.5,0.1,3,Perez,14.74,14.74,14.74,14.74,14.74,1.1,1.01,0.97,1.13,0.91,5.12,73.7
261,Midfielder,3.0,Leicester,8.0,3.6,0.6000000000000001,29,0,540,1,3,1,20,0,0,0,2,0,0.4,4.8,10.5,3,Maddison,75.5,75.5,75.5,75.5,75.5,5.39,4.79,4.49,5.58,4.08,24.33,377.5
262,Forward,2.3,Leicester,6.2,2.3,1.2176470588235293,14,0,170,0,1,1,9,0,0,0,0,0,0.4,2.3,0.5,4,Iheanacho,37.79,35.0,35.0,35.0,35.0,3.02,2.58,2.42,2.95,2.26,13.229999999999999,177.79
264,Midfielder,1.0,Leicester,6.9,2.0,0.46153846153846156,14,0,390,0,1,0,12,0,0,0,0,0,0.1,2.8,1.3,3,Barnes,69.55,69.55,69.55,69.55,69.55,4.7,4.22,3.97,4.87,3.65,21.41,347.75
265,Midfielder,1.0,Leicester,4.9,2.4,0.40373831775700936,12,0,535,0,0,0,19,0,0,0,1,0,0.2,1.7,0.3,3,Ndidi,74.76,77.5,77.5,77.5,77.5,2.73,2.62,2.58,2.78,2.42,13.129999999999999,384.76
266,Midfielder,1.0,Leicester,5.0,4.0,0.6883365200764818,20,0,523,3,1,0,15,0,0,0,1,0,0.2,2.9,1.1,3,Dewsbury-Hall,71.29,71.29,71.29,71.29,71.29,3.11,2.88,2.79,3.13,2.61,14.52,356.45000000000005
267,Defender,0.0,Leicester,4.2,0.0,0.0,0,0,0,0,0,0,0,0,0,0,0,0,0.0,0.0,0.3,2,Soyuncu,3.95,3.95,3.95,3.95,3.95,0.17,0.16,0.16,0.15,0.14,0.78,19.75
268,Defender,0.7,Leicester,4.3,2.3,0.32857142857142857,10,0,630,0,0,2,22,0,0,0,0,0,0.2,1.4,1.1,2,Justin,80.4,80.4,80.4,80.4,80.4,3.88,3.53,3.61,3.49,3.12,17.63,402.0
269,Midfielder,1.0,Leicester,4.4,1.4,0.5727272727272726,6,0,220,0,0,0,7,0,0,0,0,0,0.2,1.5,0.6,3,Soumare,27.63,25.26,25.26,25.26,25.26,1.05,0.91,0.89,0.94,0.85,4.64,128.67000000000002
270,Defender,-1.0,Leicester,4.3,-0.2,-0.1,-1,0,180,0,0,0,6,1,0,0,1,0,-0.2,-0.5,0.1,2,Thomas,35.37,35.37,35.37,35.37,35.37,1.44,1.31,1.33,1.27,1.16,6.51,176.85
271,Forward,4.0,Leicester,5.7,2.6,0.9957446808510638,15,0,235,2,1,1,13,0,0,0,2,0,0.7,2.5,0.7,4,Daka,27.63,41.0,41.0,41.0,41.0,2.12,2.64,2.5,3.08,2.33,12.67,191.63
273,Defender,0.0,Leicester,3.9,0.0,0.0,0,0,0,0,0,0,0,0,0,0,0,0,0.0,0.0,0.3,2,Brunt,0.05,0.05,0.05,0.05,0.05,0.0,0.0,0.0,0.0,0.0,0.0,0.25
548,Goalkeeper,0.0,Leicester,3.9,0.0,0.0,0,0,0,0,0,0,0,0,0,0,0,0,0.0,0.0,4.6,1,Iversen,8.08,14.99,19.92,19.92,19.92,0.34,0.59,0.78,0.73,0.7,3.1399999999999997,82.83000000000001
549,Midfielder,0.0,Leicester,4.9,0.2,0.2222222222222222,1,0,81,0,0,0,2,0,0,0,1,0,0.0,0.5,0.0,3,Praet,11.05,11.05,11.05,11.05,11.05,0.72,0.68,0.66,0.73,0.63,3.42,55.25
581,Goalkeeper,0.0,Leicester,4.0,0.0,0.0,0,0,0,0,0,0,0,0,0,0,0,0,0.0,0.0,0.0,1,Smithies,0.18,0.18,0.18,0.18,0.18,0.01,0.01,0.01,0.01,0.01,0.05,0.8999999999999999
612,Defender,-0.3,Leicester,4.5,-0.2,-0.2,-1,0,90,0,0,0,6,0,0,0,0,0,-0.1,-1.0,0.0,2,Faes,54.93,54.93,54.93,54.93,54.93,2.27,2.07,2.14,1.98,1.84,10.3,274.65
221,Defender,3.0,Leeds,4.4,1.4,1.4,6,6,90,0,0,0,0,0,1,0,0,0,0.7,6.0,0.0,2,Cooper,21.58,16.84,16.84,16.84,16.84,0.71,0.48,0.43,0.4,0.57,2.59,88.94000000000001
222,Defender,2.0,Leeds,4.5,0.9,1.9285714285714286,4,1,42,0,0,1,2,0,0,0,0,0,0.4,2.0,0.1,2,Ayling,11.37,7.11,7.11,7.11,7.11,0.47,0.29,0.27,0.26,0.33,1.62,39.81
223,Midfielder,0.5,Leeds,4.8,1.2,0.7883211678832116,6,1,137,0,0,0,3,0,0,0,1,0,0.1,0.9,0.1,3,Klich,23.68,23.68,23.68,23.68,23.68,1.5,1.41,1.42,1.44,1.55,7.319999999999999,118.4
224,Midfielder,0.0,Leeds,4.5,0.7,1.3404255319148934,3,0,47,0,0,0,0,0,0,0,0,0,0.0,1.0,0.1,3,Forshaw,0.0,8.42,8.42,8.42,8.42,0.0,0.54,0.54,0.55,0.57,2.2,33.68
225,Midfielder,1.0,Leeds,6.3,6.3,1.3372641509433962,40,2,424,5,4,1,5,0,2,0,1,0,0.2,6.7,6.2,3,Rodrigo,52.07,52.07,58.36,58.36,58.36,3.01,2.59,2.93,3.07,3.68,15.28,279.22
226,Defender,0.0,Leeds,4.9,0.0,0.0,0,0,0,0,0,0,0,0,0,0,0,0,0.0,0.0,0.0,2,Dallas,0.0,0.0,0.0,0.0,0.0,0.0,0.0,0.0,0.0,0.0,0.0,0.0
227,Forward,1.0,Leeds,7.3,1.2,0.5654450261780104,9,1,191,0,0,1,4,0,0,0,0,0,0.1,1.8,0.4,4,Bamford,64.36,68.64,66.89,66.89,66.89,3.94,3.53,3.58,3.8,4.52,19.37,333.66999999999996
228,Defender,0.0,Leeds,4.5,3.1,0.5166666666666666,14,0,540,2,0,0,10,0,1,0,1,0,0.0,2.3,0.4,2,Llorente,81.71,81.71,81.71,81.71,81.71,2.96,2.56,2.31,2.13,3.06,13.020000000000001,408.54999999999995
230,Defender,2.5,Leeds,4.5,4.0,0.5714285714285714,18,5,630,0,0,0,10,0,2,0,1,0,0.6,2.6,0.2,2,Koch,51.71,51.71,51.71,51.71,51.71,1.78,1.57,1.39,1.33,1.84,7.91,258.55
233,Midfielder,2.0,Leeds,6.2,5.2,0.8650646950092422,32,3,541,5,1,3,7,0,2,0,2,0,0.3,4.6,4.5,3,Harrison,69.91,66.93,66.41,66.41,66.41,3.58,2.99,3.03,3.18,3.77,16.55,336.06999999999994
235,Defender,3.0,Leeds,4.5,5.6,0.8,25,6,630,4,0,1,10,0,2,0,1,0,0.7,3.6,0.5,2,Struijk,60.64,60.64,60.64,60.64,60.64,2.22,1.91,1.73,1.65,2.32,9.83,303.2
236,Goalkeeper,0.0,Leeds,4.0,0.0,0.0,0,0,0,0,0,0,0,0,0,0,0,0,0.0,0.0,0.4,1,Klaesson,1.84,1.84,1.84,1.84,1.84,0.07,0.07,0.06,0.06,0.07,0.33,9.200000000000001
237,Forward,0.5,Leeds,4.3,0.7,2.25,3,0,28,0,0,0,1,0,0,0,0,0,0.1,1.0,11.3,4,Greenwood,8.11,5.26,5.26,5.26,5.26,0.53,0.35,0.36,0.36,0.38,1.98,29.15
238,Goalkeeper,6.0,Leeds,4.5,6.2,0.8857142857142858,28,11,630,3,0,0,10,0,2,23,0,0,1.3,4.0,2.3,1,Meslier,87.8,87.81,87.81,87.81,87.81,3.75,3.67,3.06,3.34,3.95,17.77,439.04
239,Defender,0.5,Leeds,4.5,0.2,0.5625,1,1,32,0,0,0,0,0,0,0,0,0,0.1,1.0,0.0,2,Firpo,50.17,61.4,61.4,61.4,61.4,2.05,2.11,1.96,1.85,2.6,10.57,295.77
240,Midfielder,1.0,Leeds,4.4,0.7,1.3404255319148934,3,1,47,0,0,0,2,0,0,0,0,0,0.2,1.0,0.2,3,Summerville,3.95,3.95,3.95,3.95,3.95,0.26,0.24,0.25,0.25,0.27,1.27,19.75
242,Forward,0.5,Leeds,5.2,1.0,0.7317073170731708,5,0,123,0,0,0,3,0,0,0,0,0,0.1,1.0,0.3,4,Gelhardt,19.89,13.82,13.82,13.82,13.82,1.23,0.85,0.86,0.89,0.96,4.79,75.17
243,Defender,0.0,Leeds,3.9,0.0,0.0,0,0,0,0,0,0,0,0,0,0,0,0,0.0,0.0,0.3,2,Hjelde,0.05,0.05,0.05,0.05,0.05,0.0,0.0,0.0,0.0,0.0,0.0,0.25
244,Defender,3.0,Leeds,4.8,3.5,0.6092843326885881,17,6,517,0,0,0,5,0,2,0,2,0,0.6,2.8,0.4,2,Kristensen,81.71,81.71,81.71,81.71,81.71,3.08,2.64,2.39,2.3,3.24,13.65,408.54999999999995
245,Midfielder,4.0,Leeds,4.9,3.5,0.6176470588235294,17,0,510,1,1,0,8,0,1,0,2,0,0.8,2.4,0.2,3,Roca,69.04,69.04,69.04,69.04,69.04,2.53,2.29,2.3,2.34,2.67,12.13,345.20000000000005
246,Midfielder,2.5,Leeds,5.5,4.0,0.6206896551724138,22,3,580,0,1,1,10,0,2,0,2,0,0.5,3.1,1.5,3,Aaronson,73.4,71.66,71.66,71.66,71.66,2.78,2.46,2.48,2.56,2.9,13.180000000000001,360.03999999999996
247,Midfielder,0.0,Leeds,4.3,0.0,0.0,0,0,0,0,0,0,0,0,0,0,0,0,0.0,0.0,0.1,3,Gyabi,0.33,0.33,0.33,0.33,0.33,0.02,0.02,0.02,0.02,0.02,0.1,1.6500000000000001
506,Midfielder,2.5,Leeds,5.0,2.8,0.4,14,3,630,0,0,0,10,0,2,0,2,0,0.5,2.0,0.2,3,T Adams,78.65,78.65,78.65,78.65,78.65,2.43,2.22,2.23,2.23,2.54,11.650000000000002,393.25
508,Midfielder,1.5,Leeds,6.5,2.5,1.0,16,-2,225,3,2,0,5,0,0,0,1,1,0.2,2.7,1.0,3,Sinisterra,69.91,66.41,64.33,64.33,64.33,3.1,2.64,2.62,2.73,3.14,14.23,329.30999999999995
547,Defender,0.5,Leeds,4.0,0.2,0.2571428571428571,1,0,70,0,0,0,3,0,0,0,0,0,0.1,1.0,0.2,2,Drameh,2.37,2.37,2.37,2.37,2.37,0.1,0.09,0.08,0.08,0.1,0.45000000000000007,11.850000000000001
565,Midfielder,0.0,Leeds,4.5,0.0,0.0,0,0,0,0,0,0,0,0,0,0,0,0,0.0,0.0,0.1,3,A Gray,0.0,0.33,0.33,0.33,0.33,0.0,0.02,0.02,0.02,0.02,0.08,1.32
578,Goalkeeper,0.0,Leeds,4.0,0.0,0.0,0,0,0,0,0,0,0,0,0,0,0,0,0.0,0.0,0.0,1,Robles,0.18,0.18,0.18,0.18,0.18,0.01,0.01,0.01,0.01,0.01,0.05,0.8999999999999999
619,Forward,0.0,Leeds,5.0,0.0,0.0,0,0,0,0,0,0,0,0,0,0,0,0,0.0,0.0,0.1,4,Gnonto,5.26,5.26,5.26,5.26,5.26,0.38,0.36,0.37,0.37,0.39,1.87,26.299999999999997
274,Midfielder,1.0,Liverpool,4.5,2.7,0.9101123595505619,12,1,267,0,0,1,5,0,0,0,0,0,0.2,1.7,1.1,3,Milner,13.26,13.26,13.26,13.26,13.26,0.82,0.75,0.74,0.83,0.83,3.9699999999999998,66.3
275,Midfielder,0.5,Liverpool,5.3,1.9,0.45967741935483863,10,1,372,0,0,0,7,0,1,0,0,0,0.1,1.7,0.5,3,J Henderson,65.17,63.5,63.5,61.83,61.83,2.69,2.31,2.19,2.65,2.69,12.53,315.83
276,Defender,1.0,Liverpool,5.9,0.5,0.23684210526315788,3,1,190,0,0,0,5,0,0,0,0,0,0.2,1.0,1.0,2,Matip,64.57,57.07,57.07,57.07,57.07,3.61,2.37,2.27,3.1,3.06,14.41,292.84999999999997
277,Midfielder,1.0,Liverpool,5.2,0.6,0.391304347826087,3,2,138,0,0,0,4,0,0,0,0,0,0.2,1.5,0.8,3,Thiago,53.5,50.45,47.5,47.5,46.83,2.27,1.9,1.74,2.08,2.07,10.06,245.77999999999997
278,Midfielder,0.0,Liverpool,4.9,0.0,0.0,0,0,0,0,0,0,0,0,0,0,0,0,0.0,0.0,0.0,3,Chamberlain,0.0,0.0,0.0,0.0,0.0,0.0,0.0,0.0,0.0,0.0,0.0,0.0
279,Forward,6.5,Liverpool,7.9,5.9,1.2733812949640289,47,12,417,8,5,3,6,0,1,0,0,0,0.8,7.8,3.4,4,Firmino,27.63,33.68,33.68,33.68,33.68,1.86,1.87,1.75,2.26,2.29,10.030000000000001,162.35000000000002
280,Defender,3.0,Liverpool,6.4,3.8,0.5428571428571428,24,1,630,0,1,0,9,0,2,0,1,0,0.5,3.4,13.3,2,van Dijk,83.9,83.89,83.89,83.89,83.89,4.47,3.34,3.12,4.36,4.36,19.65,419.46
281,Goalkeeper,5.0,Liverpool,5.4,4.1,0.5857142857142857,22,2,630,1,0,0,9,0,2,15,0,0,0.9,3.1,14.4,1,Alisson,87.4,87.43,87.43,87.43,87.43,4.44,3.62,3.11,4.34,4.71,20.22,437.12
282,Midfielder,2.0,Liverpool,5.4,2.4,0.40074211502782936,13,2,539,0,0,0,6,0,2,0,1,0,0.4,1.9,1.0,3,Fabinho,73.02,70.36,70.36,69.43,69.43,2.67,2.27,2.19,2.61,2.62,12.36,352.6
283,Midfielder,4.0,Liverpool,12.8,3.4,0.48571428571428565,43,5,630,5,2,4,9,0,2,0,0,0,0.3,6.1,33.7,3,Salah,81.02,77.77,77.77,77.77,77.77,6.46,4.96,4.56,6.6,6.66,29.24,392.09999999999997
284,Defender,0.5,Liverpool,6.7,2.4,0.5333333333333333,16,0,405,0,0,1,6,0,1,0,0,0,0.1,2.7,3.1,2,Robertson,0.0,26.95,49.79,68.5,72.93,0.0,1.28,2.27,4.2,4.39,12.14,218.17000000000002
285,Defender,0.5,Liverpool,7.4,3.2,0.5052631578947369,24,0,570,3,1,1,9,0,1,0,2,0,0.1,3.4,33.4,2,Trent,83.7,82.14,82.14,82.14,82.14,6.04,4.43,4.32,5.9,5.77,26.459999999999997,412.26
286,Defender,4.5,Liverpool,4.5,4.2,0.9767441860465116,19,0,387,3,0,0,3,0,2,0,0,0,1.0,3.8,0.9,2,J Gomez,21.32,16.84,16.84,16.84,16.84,1.0,0.6,0.56,0.77,0.77,3.7,88.68
287,Midfielder,0.0,Liverpool,4.8,0.0,0.0,0,0,0,0,0,0,0,0,0,0,0,0,0.0,0.0,0.0,3,Keita,0.0,1.68,3.32,5.26,7.74,0.0,0.15,0.26,0.44,0.64,1.4900000000000002,18.0
288,Forward,1.0,Liverpool,8.9,0.2,0.72,2,1,25,0,0,0,1,0,0,0,0,0,0.1,1.0,0.4,4,Jota,45.21,30.39,30.39,30.39,30.39,2.94,1.87,1.77,2.28,2.3,11.16,166.76999999999998
289,Goalkeeper,0.0,Liverpool,4.0,0.0,0.0,0,0,0,0,0,0,0,0,0,0,0,0,0.0,0.0,0.2,1,Kelleher,2.37,2.37,2.37,2.37,2.37,0.11,0.09,0.08,0.11,0.12,0.51,11.850000000000001
290,Defender,0.0,Liverpool,4.8,0.0,0.0,0,0,0,0,0,0,0,0,0,0,0,0,0.0,0.0,0.2,2,Konate,20.53,29.42,29.42,29.42,29.42,0.94,0.98,0.9,1.27,1.28,5.37,138.21
291,Midfielder,0.0,Liverpool,4.9,0.0,0.0,0,0,0,0,0,0,0,0,0,0,0,0,0.0,0.0,0.0,3,C Jones,0.0,3.16,5.26,5.26,5.26,0.0,0.22,0.31,0.35,0.35,1.23,18.939999999999998
292,Defender,0.5,Liverpool,4.5,2.2,1.0531914893617023,10,0,188,0,0,2,2,0,0,0,1,0,0.1,1.7,0.6,2,Tsimikas,82.79,62.93,40.07,21.47,16.84,4.65,2.66,1.65,1.29,1.08,11.33,224.1
293,Midfielder,3.5,Liverpool,8.2,4.4,0.6923076923076923,36,4,572,4,3,1,7,0,2,0,1,0,0.4,5.1,26.3,3,Diaz,64.33,64.33,64.33,64.33,64.33,3.88,3.2,2.95,4.07,4.13,18.23,321.65
294,Midfielder,2.0,Liverpool,5.0,3.8,0.7566371681415929,19,1,452,2,1,0,6,0,1,0,0,0,0.4,2.7,1.1,3,Elliott,50.17,43.12,35.37,35.37,35.37,2.42,1.84,1.47,1.8,1.82,9.35,199.4
296,Midfielder,1.0,Liverpool,5.4,3.7,1.7164948453608249,20,1,194,0,2,1,2,0,0,0,0,0,0.2,2.9,0.5,3,Carvalho,7.89,7.89,7.89,7.89,7.89,0.59,0.53,0.51,0.6,0.61,2.84,39.449999999999996
297,Forward,1.5,Liverpool,8.9,1.1,0.5657142857142857,10,1,175,1,1,1,2,0,1,0,0,1,0.2,2.5,6.0,4,Nunez,54.93,64.33,64.33,64.33,64.33,3.35,3.17,2.94,4.06,4.11,17.63,312.24999999999994
298,Defender,0.0,Liverpool,3.9,0.0,0.0,0,0,0,0,0,0,0,0,0,0,0,0,0.0,0.0,0.2,2,Ramsay,0.0,0.0,0.0,0.0,0.0,0.0,0.0,0.0,0.0,0.0,0.0,0.0
497,Goalkeeper,0.0,Liverpool,3.9,0.0,0.0,0,0,0,0,0,0,0,0,0,0,0,0,0.0,0.0,0.7,1,Adrian,0.18,0.18,0.18,0.18,0.18,0.01,0.01,0.01,0.01,0.01,0.05,0.8999999999999999
501,Defender,0.0,Liverpool,4.0,0.5,0.7258064516129032,2,0,62,0,0,0,1,0,0,0,0,0,0.0,2.0,0.4,2,N Phillips,0.92,0.92,0.92,0.92,0.92,0.04,0.03,0.03,0.04,0.04,0.18000000000000002,4.6000000000000005
563,Defender,0.0,Liverpool,4.0,0.0,0.0,0,0,0,0,0,0,0,0,0,0,0,0,0.0,0.0,0.1,2,L Chambers,0.05,0.05,0.05,0.05,0.05,0.0,0.0,0.0,0.0,0.0,0.0,0.25
564,Midfielder,0.0,Liverpool,4.5,0.2,0.9,1,0,20,0,0,0,0,0,0,0,0,0,0.0,1.0,0.0,3,Bajcetic,0.05,0.05,0.05,0.05,0.05,0.0,0.0,0.0,0.0,0.0,0.0,0.25
584,Midfielder,0.0,Liverpool,4.5,0.2,2.5714285714285716,1,0,7,0,0,0,0,0,0,0,0,0,0.0,1.0,0.0,3,B Clark,0.05,0.05,0.05,0.05,0.05,0.0,0.0,0.0,0.0,0.0,0.0,0.25
592,Goalkeeper,0.0,Liverpool,4.0,0.0,0.0,0,0,0,0,0,0,0,0,0,0,0,0,0.0,0.0,0.0,1,H Davies,0.05,0.05,0.05,0.05,0.05,0.0,0.0,0.0,0.0,0.0,0.0,0.25
620,Midfielder,0.0,Liverpool,5.0,0.0,0.0,0,0,0,0,0,0,0,0,0,0,0,0,0.0,0.0,0.1,3,Arthur,5.26,13.47,22.11,22.11,22.11,0.32,0.65,0.9,1.03,1.04,3.9400000000000004,85.06
299,Defender,1.0,Man City,5.0,4.6,0.7392857142857142,23,1,560,0,0,0,6,0,3,0,0,0,0.2,3.3,7.8,2,Walker,69.5,69.5,69.5,0.0,69.5,3.21,3.71,2.3,0.0,3.64,12.86,278.0
300,Midfielder,1.7,Man City,7.5,4.4,0.7443609022556392,33,2,532,3,2,1,5,0,3,0,0,0,0.2,4.1,3.9,3,Gundogan,65.21,65.21,61.83,0.0,58.55,3.85,4.6,2.69,0.0,3.53,14.669999999999998,250.8
301,Midfielder,8.3,Man City,12.3,4.3,0.6333878887070377,53,8,611,6,1,8,7,0,3,0,0,0,0.7,6.6,33.5,3,De Bruyne,74.28,73.02,73.02,0.0,73.02,5.29,6.36,3.6,0.0,5.24,20.490000000000002,293.34
302,Defender,2.7,Man City,5.4,4.1,0.8021739130434782,22,0,460,2,0,2,6,1,2,0,1,0,0.5,3.7,1.8,2,Stones,0.0,14.74,23.68,0.0,23.68,0.0,0.81,0.82,0.0,1.27,2.9,62.1
303,Midfielder,1.0,Man City,7.6,1.7,0.6455696202531646,13,1,237,0,0,1,5,0,1,0,0,0,0.1,1.9,1.6,3,Mahrez,33.68,33.68,33.68,0.0,33.68,2.58,3.02,1.96,0.0,2.6,10.16,134.72
305,Midfielder,4.0,Man City,6.8,2.4,0.7578947368421053,16,2,285,2,1,0,1,0,2,0,0,0,0.6,4.0,1.2,3,Grealish,39.93,39.93,39.93,0.0,39.93,2.41,2.79,1.88,0.0,2.44,9.52,159.72
306,Defender,4.0,Man City,7.2,6.0,0.8095952023988006,43,1,667,7,1,1,9,0,4,0,2,0,0.6,5.4,51.8,2,Cancelo,81.5,81.5,81.5,0.0,81.5,4.87,5.67,3.4,0.0,5.42,19.36,326.0
307,Goalkeeper,3.3,Man City,5.5,5.6,0.7,31,2,720,1,0,0,9,0,4,12,0,0,0.6,3.9,15.9,1,Ederson,87.8,87.81,87.81,0.0,87.81,3.78,4.41,2.8,0.0,4.31,15.299999999999997,351.23
308,Defender,0.7,Man City,5.0,3.2,0.9600000000000001,16,1,300,1,0,0,3,0,2,0,0,0,0.1,3.2,0.7,2,Ake,29.61,27.63,27.63,0.0,27.63,1.37,1.49,0.91,0.0,1.44,5.210000000000001,112.49999999999999
309,Defender,0.0,Man City,5.8,0.0,0.0,0,0,15,0,0,0,2,0,0,0,0,0,0.0,0.0,0.2,2,Laporte,7.37,37.79,43.5,0.0,43.5,0.37,2.14,1.51,0.0,2.4,6.42,132.16
311,Midfielder,4.7,Man City,7.0,6.3,1.05,44,5,540,5,2,4,8,0,3,0,0,0,0.7,5.5,13.1,3,B Silva,71.29,69.55,67.79,0.0,67.79,3.83,4.45,2.72,0.0,3.72,14.720000000000002,276.42
312,Defender,2.7,Man City,6.0,4.7,0.7268041237113403,28,0,582,0,0,0,6,0,4,0,0,0,0.4,4.0,9.8,2,Dias,78.24,70.17,64.79,0.0,64.79,3.89,4.06,2.34,0.0,3.66,13.95,277.99
314,Midfielder,9.7,Man City,8.0,6.4,0.9584026622296173,51,19,601,2,5,3,7,0,2,0,1,0,1.2,6.4,9.3,3,Foden,64.33,64.33,64.33,0.0,64.33,4.2,5.07,3.03,0.0,4.25,16.549999999999997,257.32
315,Midfielder,1.3,Man City,5.8,3.6,0.5567010309278351,21,0,582,0,0,2,6,0,3,0,1,0,0.2,3.0,2.0,3,Rodri,82.14,82.14,80.64,0.0,76.83,3.1,3.52,2.43,0.0,2.99,12.040000000000001,321.75
316,Midfielder,0.7,Man City,4.4,1.1,1.5,5,1,66,0,0,0,2,0,0,0,0,0,0.2,1.0,0.1,3,Palmer,0.05,0.05,0.05,0.0,0.05,0.0,0.01,0.0,0.0,0.0,0.01,0.2
318,Forward,12.7,Man City,12.1,7.9,1.075642965204236,96,23,661,15,14,3,9,0,4,0,0,0,1.0,12.0,82.0,4,Haaland,74.76,74.76,74.76,0.0,74.76,5.91,7.24,4.04,0.0,5.85,23.04,299.04
319,Forward,0.7,Man City,6.1,2.8,1.4,17,1,180,2,2,0,2,0,1,0,0,0,0.1,2.8,1.3,4,Alvarez,32.0,32.0,32.0,0.0,32.0,2.04,2.34,1.63,0.0,2.03,8.04,128.0
322,Defender,0.0,Man City,3.9,0.0,0.0,0,0,0,0,0,0,0,0,0,0,0,0,0.0,0.0,0.6,2,Wilson-Esbrand,0.05,0.05,0.05,0.0,0.05,0.0,0.0,0.0,0.0,0.0,0.0,0.2
324,Goalkeeper,0.0,Man City,3.9,0.0,0.0,0,0,0,0,0,0,0,0,0,0,0,0,0.0,0.0,0.5,1,Ortega,1.84,1.84,1.84,0.0,1.84,0.08,0.09,0.06,0.0,0.09,0.31999999999999995,7.36
325,Midfielder,0.0,Man City,4.8,0.2,18.0,1,0,1,0,0,0,0,0,0,0,0,0,0.0,1.0,0.1,3,Kalvin Phillips,1.58,5.26,11.84,0.0,18.53,0.14,0.38,0.64,0.0,0.95,2.1100000000000003,37.21
502,Goalkeeper,0.0,Man City,3.9,0.0,0.0,0,0,0,0,0,0,0,0,0,0,0,0,0.0,0.0,0.2,1,Carson,0.18,0.18,0.18,0.0,0.18,0.01,0.01,0.01,0.0,0.01,0.04,0.72
573,Defender,0.0,Man City,3.9,0.5,1.9565217391304348,2,0,23,0,0,0,0,0,0,0,0,0,0.0,1.0,0.1,2,R Lewis,0.05,0.05,0.05,0.0,0.05,0.0,0.0,0.0,0.0,0.0,0.0,0.2
587,Defender,1.3,Man City,4.5,1.3,1.3604651162790697,6,3,86,0,0,1,3,0,0,0,0,0,0.3,1.5,0.1,2,S Gomez,22.11,22.11,22.11,0.0,22.11,1.04,1.21,0.75,0.0,1.17,4.17,88.44
600,Midfielder,0.0,Man City,4.5,0.0,0.0,0,0,0,0,0,0,0,0,0,0,0,0,0.0,0.0,0.0,3,Knight,0.05,0.05,0.05,0.0,0.05,0.0,0.0,0.0,0.0,0.0,0.0,0.2
610,Defender,2.3,Man City,5.0,1.4,0.7,7,1,180,0,0,0,3,0,1,0,0,0,0.5,3.5,0.2,2,Akanji,71.07,36.24,26.68,0.0,26.68,3.21,1.81,0.85,0.0,1.33,7.199999999999999,160.67000000000002
326,Forward,0.5,Man Utd,10.2,0.7,0.3043478260869565,7,0,207,0,0,0,5,0,0,0,0,0,0.0,1.2,2.4,4,Ronaldo,61.79,42.36,33.68,23.68,23.68,2.54,2.71,2.2,1.69,1.48,10.620000000000001,185.19000000000003
327,Goalkeeper,1.0,Man Utd,4.9,4.3,0.6142857142857142,21,0,630,1,0,0,14,0,2,21,0,0,0.2,3.0,6.4,1,de Gea,85.64,81.83,87.81,81.83,81.83,1.93,3.77,3.91,2.86,2.71,15.18,418.94
329,Defender,1.0,Man Utd,4.8,3.5,0.7094594594594594,17,0,444,1,0,0,5,0,2,0,1,0,0.2,2.8,3.4,2,Varane,82.79,75.79,69.02,69.02,69.02,1.73,3.02,2.97,2.4,2.09,12.21,365.64
330,Defender,0.0,Man Utd,4.7,-0.2,-0.09473684210526316,-1,0,190,0,0,0,6,0,0,0,3,0,0.0,-0.3,0.4,2,Maguire,0.0,16.84,23.16,23.16,23.16,0.0,0.64,0.94,0.75,0.64,2.97,86.32
331,Midfielder,2.5,Man Utd,5.2,1.7,0.9386503067484663,9,4,163,0,0,1,8,0,0,0,1,0,0.5,1.3,0.4,3,Fred,19.74,23.58,24.32,24.32,24.32,1.08,1.39,1.44,1.38,1.29,6.579999999999999,116.27999999999997
332,Defender,0.0,Man Utd,4.7,-0.2,-0.1005586592178771,-1,0,179,0,0,0,8,0,0,0,1,0,0.0,-0.3,0.4,2,Shaw,32.84,32.84,32.84,32.84,32.84,0.78,1.44,1.55,1.29,1.09,6.1499999999999995,164.20000000000002
333,Midfielder,4.0,Man Utd,9.8,2.3,0.32909379968203495,23,1,629,2,1,1,14,0,2,0,3,0,0.4,3.3,2.3,3,Fernandes,78.24,78.24,78.24,78.24,78.24,3.35,5.04,4.99,4.69,3.82,21.89,391.2
335,Midfielder,9.5,Man Utd,6.6,6.2,0.9653979238754324,41,1,578,6,3,2,12,0,2,0,1,0,1.4,5.9,13.5,3,Rashford,24.87,44.64,54.93,54.93,54.93,1.14,2.73,3.26,3.08,2.59,12.8,234.3
336,Midfielder,0.0,Man Utd,5.1,0.6,2.8421052631578947,3,0,19,0,0,0,0,0,0,0,0,0,0.0,1.0,0.2,3,van de Beek,5.53,8.42,8.42,8.42,8.42,0.47,0.66,0.66,0.64,0.6,3.0300000000000002,39.21
337,Defender,0.0,Man Utd,4.3,0.0,0.0,0,0,50,0,0,0,3,0,0,0,0,0,0.0,0.0,0.1,2,Lindelof,11.37,7.37,7.37,7.37,7.37,0.23,0.28,0.3,0.24,0.21,1.26,40.849999999999994
338,Midfielder,1.0,Man Utd,4.9,2.0,0.33333333333333337,10,1,540,0,0,0,8,0,2,0,4,0,0.2,1.4,0.2,3,McTominay,50.17,40.64,37.44,37.56,37.79,1.63,1.66,1.58,1.52,1.39,7.78,203.6
340,Midfielder,2.0,Man Utd,7.3,4.1,0.7577002053388089,30,2,487,4,2,0,12,0,3,0,0,0,0.3,4.3,6.8,3,Sancho,68.68,66.59,63.5,63.5,63.5,2.64,3.68,3.47,3.28,2.78,15.85,325.77
341,Defender,0.0,Man Utd,4.3,0.2,4.5,1,0,4,0,0,0,0,0,0,0,0,0,0.0,1.0,0.2,2,Wan-Bissaka,14.21,14.21,16.79,18.95,18.95,0.39,0.64,0.79,0.73,0.65,3.1999999999999997,83.11
342,Defender,0.0,Man Utd,4.5,4.7,0.6768000000000001,21,-2,625,6,0,1,14,0,2,0,4,0,0.0,3.0,7.8,2,Dalot,75.17,75.17,72.91,71.48,70.66,1.59,3.14,3.27,2.6,2.16,12.76,365.39
343,Defender,0.0,Man Utd,3.9,0.0,0.0,0,0,0,0,0,0,0,0,0,0,0,0,0.0,0.0,2.0,2,B Williams,1.84,1.84,1.84,1.84,1.84,0.06,0.1,0.1,0.09,0.08,0.43,9.200000000000001
344,Midfielder,0.0,Man Utd,4.9,2.0,0.8450704225352113,10,0,213,0,0,1,0,0,1,0,0,0,0.0,2.0,0.6,3,Elanga,25.05,23.45,21.05,21.05,21.05,1.32,1.49,1.4,1.35,1.26,6.82,111.64999999999999
345,Forward,5.0,Man Utd,6.9,2.0,2.3684210526315788,14,10,76,1,2,1,3,0,0,0,0,0,0.7,7.0,0.6,4,Martial,16.84,28.42,43.12,53.5,53.5,0.8,1.68,2.4,2.8,2.39,10.07,195.38
347,Midfielder,0.0,Man Utd,4.4,0.0,0.0,0,0,0,0,0,0,0,0,0,0,0,0,0.0,0.0,0.0,3,Pellistri,0.05,0.05,0.05,0.05,0.05,0.0,0.0,0.0,0.0,0.0,0.0,0.25
348,Goalkeeper,0.0,Man Utd,4.0,0.0,0.0,0,0,0,0,0,0,0,0,0,0,0,0,0.0,0.0,0.4,1,Heaton,0.18,0.18,1.84,0.18,0.18,0.0,0.01,0.08,0.01,0.01,0.10999999999999999,2.5600000000000005
355,Goalkeeper,0.0,Man Utd,4.3,0.0,0.0,0,0,0,0,0,0,0,0,0,0,0,0,0.0,0.0,0.5,1,Dubravka,4.11,7.79,0.0,7.79,7.79,0.09,0.33,0.0,0.26,0.25,0.93,27.48
504,Defender,0.0,Man Utd,4.5,3.8,0.7583148558758314,17,-2,451,2,0,0,6,0,2,0,2,0,0.0,2.4,4.0,2,Malacia,56.83,56.83,56.83,56.83,56.83,1.12,2.27,2.41,1.93,1.64,9.370000000000001,284.15
519,Midfielder,4.5,Man Utd,6.3,3.3,0.47826086956521735,21,5,621,0,0,2,14,0,2,0,1,0,0.7,3.0,3.4,3,Eriksen,58.36,53.5,48.83,48.83,48.83,2.18,2.79,2.55,2.41,2.1,12.03,258.34999999999997
533,Defender,0.5,Man Utd,4.5,2.9,0.4547038327526132,13,-1,574,0,0,0,14,0,2,0,2,0,0.1,1.9,5.7,2,L Martinez,82.79,78.24,78.24,78.24,78.24,1.53,3.1,3.31,2.63,2.2,12.77,395.75
551,Midfielder,0.0,Man Utd,4.3,0.0,0.0,0,0,0,0,0,0,0,0,0,0,0,0,0.0,0.0,0.4,3,Iqbal,0.05,0.05,0.05,0.05,0.05,0.0,0.0,0.0,0.0,0.0,0.0,0.25
569,Midfielder,0.0,Man Utd,4.4,0.2,18.0,1,0,1,0,0,0,0,0,0,0,0,0,0.0,1.0,0.1,3,Garnacho,0.05,0.05,0.05,0.05,0.05,0.0,0.0,0.0,0.0,0.0,0.0,0.25
593,Midfielder,1.0,Man Utd,4.9,0.8,0.8780487804878049,4,1,82,0,0,0,2,0,0,0,0,0,0.2,1.0,1.5,3,Casemiro,67.79,67.79,67.79,67.79,67.79,1.99,2.6,2.6,2.45,2.17,11.81,338.95000000000005
609,Midfielder,6.5,Man Utd,7.5,1.7,1.0408163265306123,13,7,147,0,2,0,6,0,0,0,0,0,0.9,6.5,5.4,3,Antony,64.33,61.41,58.36,58.36,58.36,2.14,2.76,2.64,2.5,2.19,12.23,300.82
349,Midfielder,0.0,Newcastle,4.8,0.0,0.0,0,0,0,0,0,0,0,0,0,0,0,0,0.0,0.0,0.0,3,Shelvey,0.0,0.0,0.0,0.0,0.0,0.0,0.0,0.0,0.0,0.0,0.0,0.0
350,Defender,0.0,Newcastle,4.3,0.2,18.0,1,0,1,0,0,0,0,0,0,0,0,0,0.0,1.0,0.1,2,Ritchie,0.26,1.32,1.32,1.32,1.32,0.02,0.1,0.08,0.1,0.08,0.38000000000000006,5.540000000000001
353,Goalkeeper,0.0,Newcastle,4.0,0.0,0.0,0,0,0,0,0,0,0,0,0,0,0,0,0.0,0.0,1.7,1,Darlow,0.0,0.0,0.18,0.83,1.01,0.0,0.0,0.01,0.04,0.03,0.08,2.02
354,Forward,0.7,Newcastle,5.6,1.4,1.0769230769230769,8,0,117,0,0,0,2,0,0,0,0,0,0.1,1.1,0.6,4,Wood,11.05,26.32,16.45,10.53,10.53,0.74,1.61,1.11,0.91,0.79,5.16,74.88000000000001
356,Forward,2.0,Newcastle,7.2,2.8,0.8155339805825242,20,6,309,0,3,0,3,0,3,0,0,0,0.3,5.0,1.0,4,C Wilson,73.4,73.4,65.21,52.52,45.6,4.12,4.44,3.23,3.36,2.27,17.42,310.13
357,Defender,6.7,Newcastle,5.4,7.8,0.9859550561797753,42,7,712,5,1,1,7,0,4,0,2,0,1.2,5.2,48.1,2,Trippier,82.1,82.14,82.14,82.14,82.14,3.53,3.97,2.76,4.2,2.54,17.0,410.65999999999997
358,Defender,2.7,Newcastle,4.5,5.6,0.830313014827018,25,6,607,1,0,0,7,0,3,0,1,0,0.6,3.1,1.5,2,Burn,41.83,41.33,40.67,40.17,40.17,1.65,1.82,1.25,1.87,1.13,7.72,204.17000000000002
359,Midfielder,1.7,Newcastle,5.3,1.7,0.5884615384615385,9,1,260,0,0,0,3,0,1,0,1,0,0.3,1.5,0.1,3,Fraser,59.12,47.45,38.8,31.32,31.32,3.19,2.87,2.06,2.16,1.71,11.990000000000002,208.01
360,Defender,0.3,Newcastle,4.3,0.2,0.18556701030927836,1,1,97,0,0,0,3,0,0,0,1,0,0.1,0.5,0.1,2,Lascelles,6.32,6.32,6.32,6.32,6.32,0.26,0.28,0.2,0.3,0.19,1.23,31.6
362,Defender,0.0,Newcastle,3.9,0.0,0.0,0,0,0,0,0,0,0,0,0,0,0,0,0.0,0.0,0.5,2,Dummett,0.07,0.07,0.07,0.07,0.07,0.0,0.0,0.0,0.0,0.0,0.0,0.35000000000000003
363,Defender,0.0,Newcastle,4.3,0.0,0.0,0,0,0,0,0,0,0,0,0,0,0,0,0.0,0.0,0.1,2,Manquillo,0.66,0.66,0.66,0.66,0.66,0.04,0.04,0.04,0.04,0.03,0.19,3.3000000000000003
365,Midfielder,1.3,Newcastle,4.3,2.1,1.0271739130434783,9,2,184,0,0,0,2,0,0,0,0,0,0.3,1.1,3.9,3,Murphy,21.71,14.74,14.74,14.74,14.74,1.54,1.24,1.11,1.25,1.08,6.220000000000001,80.67
366,Defender,4.7,Newcastle,4.7,7.4,1.0707395498392283,35,6,622,3,1,0,5,0,4,0,3,0,1.0,5.0,9.4,2,Schar,78.5,78.5,78.5,78.5,78.5,3.1,3.52,2.37,3.74,2.16,14.89,392.5
367,Defender,3.0,Newcastle,4.9,3.9,0.9236842105263158,19,1,380,2,0,0,4,0,2,0,0,0,0.6,3.2,1.0,2,Targett,78.24,78.24,78.24,78.24,78.24,3.28,3.68,2.55,3.9,2.34,15.75,391.2
368,Midfielder,0.0,Newcastle,6.4,4.2,1.1020408163265307,27,0,343,4,1,3,4,0,2,0,1,0,0.0,6.8,5.5,3,Saint-Maximin,33.16,53.5,71.66,71.66,71.66,1.77,3.04,3.22,4.08,2.98,15.090000000000002,301.64
369,Midfielder,6.7,Newcastle,5.0,7.4,1.0015037593984963,37,15,665,3,3,0,7,0,3,0,0,0,1.3,4.6,3.1,3,Almiron,66.41,55.64,46.36,41.0,41.0,2.81,2.63,1.97,2.13,1.75,11.29,250.41
370,Midfielder,3.3,Newcastle,4.4,4.8,1.0236966824644549,21,7,422,1,1,1,4,0,1,0,1,0,0.7,2.6,2.2,3,S Longstaff,32.21,26.84,21.05,21.05,21.05,1.59,1.53,1.22,1.35,1.2,6.89,122.19999999999999
371,Midfielder,1.3,Newcastle,6.0,2.8,0.4,17,0,630,0,0,1,7,0,3,0,3,0,0.2,2.4,0.9,3,Joelinton,82.36,80.4,80.4,80.4,80.4,3.41,3.61,2.92,3.65,2.74,16.33,403.96000000000004
372,Defender,0.3,Newcastle,4.4,0.2,2.5714285714285716,1,1,7,0,0,0,1,0,0,0,0,0,0.1,1.0,0.0,2,J Lewis,0.66,0.66,0.66,0.66,0.66,0.04,0.04,0.04,0.05,0.03,0.19999999999999998,3.3000000000000003
373,Midfielder,5.0,Newcastle,4.9,5.5,0.7432432432432432,27,10,666,2,0,2,8,0,3,0,0,0,1.0,3.4,0.5,3,Willock,71.66,68.68,68.68,68.68,68.68,3.34,3.47,2.84,3.5,2.67,15.82,346.38000000000005
374,Midfielder,2.0,Newcastle,5.6,2.3,0.5187969924812029,13,4,399,0,0,1,4,0,2,0,1,0,0.4,2.6,2.4,3,Guimaraes,80.4,80.4,80.4,80.4,80.4,3.73,4.03,3.2,4.07,2.97,18.0,402.0
376,Goalkeeper,5.3,Newcastle,5.3,7.5,0.9375,40,2,720,6,0,0,8,0,3,30,0,0,1.0,5.0,20.1,1,Pope,87.8,87.81,87.81,87.81,87.81,4.33,4.35,3.42,4.67,3.09,19.86,439.04
377,Defender,3.7,Newcastle,4.4,5.0,0.9977827050997784,22,5,451,1,0,1,5,0,2,0,0,0,0.8,3.7,1.8,2,Botman,74.21,74.21,74.21,74.21,74.21,2.9,3.25,2.23,3.46,2.04,13.879999999999999,371.04999999999995
552,Midfielder,0.7,Newcastle,4.5,0.9,1.2857142857142856,4,1,63,0,0,0,2,0,0,0,0,0,0.2,1.0,0.2,3,Anderson,0.05,0.05,0.05,0.05,0.05,0.0,0.0,0.0,0.0,0.0,0.0,0.25
594,Forward,3.7,Newcastle,7.0,2.6,0.962962962962963,18,0,243,4,2,0,2,0,1,0,0,0,0.5,6.0,4.4,4,Isak,2.11,7.11,32.63,65.17,71.66,0.14,0.48,1.61,4.01,3.23,9.47,178.68
626,Goalkeeper,0.0,Newcastle,4.0,0.0,0.0,0,0,0,0,0,0,0,0,0,0,0,0,0.0,0.0,0.0,1,Karius,2.03,2.03,1.84,1.2,1.01,0.09,0.09,0.06,0.06,0.03,0.32999999999999996,8.11
295,Defender,1.7,Nott'm Forest,4.1,3.2,0.45933014354066987,13,0,627,1,0,1,17,0,1,0,2,0,0.4,1.9,27.2,2,N Williams,70.17,70.17,70.17,70.17,70.17,2.21,2.93,2.6,2.32,1.74,11.8,350.85
379,Defender,0.3,Nott'm Forest,4.4,1.1,0.30275229357798167,5,0,327,0,0,0,8,0,0,0,2,0,0.1,1.0,0.1,2,S Cook,12.63,12.63,12.63,12.63,12.63,0.36,0.48,0.44,0.4,0.3,1.9800000000000002,63.150000000000006
381,Midfielder,0.3,Nott'm Forest,4.3,0.9,0.648,4,0,125,0,0,0,4,0,0,0,0,0,0.1,1.3,1.1,3,Colback,4.21,4.21,4.21,4.21,4.21,0.27,0.28,0.27,0.27,0.26,1.35,21.05
385,Defender,0.3,Nott'm Forest,4.4,1.8,0.2571428571428571,8,0,630,0,0,0,17,0,1,0,3,0,0.1,1.1,0.1,2,McKenna,46.5,70.55,81.71,81.71,81.07,1.09,2.37,2.46,2.17,1.51,9.6,361.53999999999996
386,Defender,0.0,Nott'm Forest,4.0,0.0,0.0,0,0,0,0,0,0,0,0,0,0,0,0,0.0,0.0,0.1,2,Drager,0.05,0.05,0.05,0.05,0.05,0.0,0.0,0.0,0.0,0.0,0.0,0.25
387,Midfielder,2.3,Nott'm Forest,5.0,3.0,0.7563025210084033,15,0,357,0,0,2,13,0,0,0,0,0,0.5,3.0,0.0,3,Yates,56.93,55.36,53.79,53.79,53.79,2.25,2.33,2.09,2.0,1.87,10.54,273.65999999999997
388,Defender,0.7,Nott'm Forest,4.4,2.0,0.31746031746031744,9,0,567,1,0,0,14,0,1,0,3,0,0.2,1.3,0.1,2,Worrall,84.55,82.58,76.36,76.36,75.71,2.06,2.84,2.35,2.08,1.47,10.8,395.56
391,Forward,0.3,Nott'm Forest,4.8,0.8,0.7128712871287128,4,0,101,0,0,0,1,0,0,0,1,0,0.1,1.0,0.9,4,Surridge,7.37,7.37,7.37,7.37,7.37,0.6,0.63,0.58,0.57,0.55,2.9299999999999997,36.85
393,Defender,0.0,Nott'm Forest,4.3,0.0,0.0,0,0,0,0,0,0,0,0,0,0,0,0,0.0,0.0,0.0,2,Mbe Soh,0.08,0.08,0.08,0.08,0.08,0.0,0.0,0.0,0.0,0.0,0.0,0.4
394,Forward,3.0,Nott'm Forest,5.9,3.9,0.5939086294416244,23,0,591,4,2,0,14,0,1,0,2,0,0.5,3.3,1.4,4,Brennan Johnson,76.5,70.36,70.36,70.36,70.36,3.15,3.14,2.83,2.69,2.58,14.39,357.94000000000005
397,Forward,2.7,Nott'm Forest,5.8,3.6,1.0909090909090908,21,0,297,3,2,0,8,0,2,0,0,0,0.5,3.0,0.7,4,Awoniyi,38.26,37.79,37.79,37.79,37.79,2.39,2.47,2.25,2.14,2.02,11.27,189.42
398,Goalkeeper,1.0,Nott'm Forest,4.7,7.0,1.0,33,0,630,5,0,0,17,0,1,28,1,0,0.2,4.7,13.5,1,D Henderson,87.8,87.81,87.81,87.81,87.81,3.23,3.71,3.67,3.27,2.22,16.099999999999998,439.04
399,Defender,0.0,Nott'm Forest,4.3,0.2,1.6363636363636367,1,0,11,0,0,0,1,0,0,0,0,0,0.0,1.0,0.1,2,Biancone,12.63,12.63,12.63,12.63,12.63,0.5,0.62,0.57,0.52,0.43,2.64,63.150000000000006
474,Defender,0.0,Nott'm Forest,4.3,0.0,0.0,0,0,63,0,0,0,3,0,0,0,1,0,0.0,0.0,0.2,2,Boly,60.83,43.5,38.21,38.21,39.62,1.61,1.55,1.23,1.1,0.85,6.34,220.37
493,Midfielder,2.3,Nott'm Forest,5.5,2.7,0.4533582089552239,15,0,536,0,0,1,15,0,1,0,1,0,0.4,2.1,0.4,3,Gibbs-White,52.26,61.83,61.83,61.83,61.83,2.5,3.13,2.8,2.66,2.46,13.55,299.58
507,Defender,0.0,Nott'm Forest,4.3,1.6,0.9,7,0,160,0,0,0,2,0,1,0,0,0,0.0,3.5,0.1,2,Niakhate,1.84,3.16,4.74,4.74,4.74,0.08,0.16,0.21,0.19,0.16,0.7999999999999999,19.22
511,Defender,0.0,Nott'm Forest,4.4,0.0,0.0,0,0,0,0,0,0,0,0,0,0,0,0,0.0,0.0,0.0,2,O Richards,0.0,0.0,0.0,0.0,0.0,0.0,0.0,0.0,0.0,0.0,0.0,0.0
518,Goalkeeper,0.0,Nott'm Forest,3.9,0.0,0.0,0,0,0,0,0,0,0,0,0,0,0,0,0.0,0.0,1.7,1,Hennessey,1.84,1.84,1.84,1.84,1.84,0.06,0.07,0.07,0.06,0.04,0.3,9.200000000000001
523,Defender,0.0,Nott'm Forest,4.5,2.7,0.6377952755905513,12,0,381,1,0,0,6,0,1,0,0,0,0.0,2.4,0.1,2,Toffolo,12.63,12.63,12.63,12.63,12.63,0.43,0.55,0.5,0.45,0.35,2.28,63.150000000000006
524,Midfielder,2.0,Nott'm Forest,4.9,3.1,0.636986301369863,15,0,438,0,1,0,9,0,1,0,2,0,0.4,2.5,0.1,3,O'Brien,46.36,43.5,42.07,42.07,42.07,1.65,1.65,1.49,1.43,1.36,7.58,216.07
527,Midfielder,1.0,Nott'm Forest,5.7,2.8,0.5943396226415094,16,0,424,0,0,1,5,0,2,0,0,0,0.2,2.7,2.3,3,Lingard,55.31,46.36,46.36,46.36,46.36,2.58,2.36,2.15,2.02,1.87,10.98,240.75
536,Midfielder,0.0,Nott'm Forest,4.9,1.0,0.5921052631578947,5,0,152,0,0,0,1,0,1,0,0,0,0.0,1.7,0.0,3,Mangala,11.05,20.0,26.05,26.05,26.05,0.54,0.95,1.1,1.06,1.0,4.65,109.2
553,Midfielder,0.0,Nott'm Forest,4.4,0.0,0.0,0,0,0,0,0,0,0,0,0,0,0,0,0.0,0.0,0.0,3,Hammond,0.05,0.05,0.05,0.05,0.05,0.0,0.0,0.0,0.0,0.0,0.0,0.25
582,Midfielder,0.7,Nott'm Forest,5.0,1.0,0.5172413793103449,5,0,174,0,0,0,10,0,0,0,0,0,0.1,1.7,0.0,3,Freuler,49.21,46.17,44.64,44.64,44.64,1.76,1.77,1.59,1.53,1.44,8.09,229.29999999999995
583,Midfielder,3.0,Nott'm Forest,4.5,2.7,1.3965517241379313,12,0,174,2,1,0,9,0,0,0,1,0,0.7,3.0,0.3,3,Kouyate,46.17,44.83,43.5,43.5,43.5,1.63,1.68,1.55,1.49,1.42,7.77,221.5
585,Forward,0.7,Nott'm Forest,5.8,0.5,0.75,3,0,60,0,0,0,4,0,0,0,1,0,0.1,0.8,0.1,4,E Dennis,15.79,22.37,22.37,22.37,22.37,1.24,1.61,1.5,1.45,1.39,7.1899999999999995,105.27000000000001
602,Defender,0.3,Nott'm Forest,4.5,0.2,0.07258064516129033,1,0,248,0,0,0,11,0,0,0,1,0,0.1,0.3,0.2,2,Lodi,80.4,80.4,80.4,80.4,80.4,2.34,3.17,2.8,2.49,1.84,12.639999999999999,402.0
621,Defender,0.0,Nott'm Forest,4.5,0.0,0.0,0,0,0,0,0,0,0,0,0,0,0,0,0.0,0.0,0.0,2,Bade,41.0,34.11,33.16,33.16,33.16,1.02,1.18,1.04,0.93,0.7,4.87,174.59
628,Defender,0.0,Nott'm Forest,4.5,0.0,0.0,0,0,0,0,0,0,0,0,0,0,0,0,0.0,0.0,0.0,2,Aurier,16.58,16.58,16.58,16.58,16.58,0.67,0.83,0.76,0.7,0.58,3.54,82.89999999999999
21,Midfielder,0.7,Southampton,4.8,0.4,0.4337349397590362,2,1,83,0,0,0,2,0,0,0,1,0,0.1,1.0,0.1,3,Maitland-Niles,25.26,25.26,24.47,19.89,17.05,1.44,1.19,1.35,1.16,0.96,6.1,111.93
321,Midfielder,0.0,Southampton,4.5,2.9,0.6229116945107398,13,0,419,0,1,0,9,0,0,0,1,0,0.0,2.6,0.3,3,Lavia,0.0,3.16,10.11,25.79,46.93,0.0,0.09,0.31,0.78,1.3,2.4800000000000004,85.99000000000001
400,Midfielder,0.0,Southampton,4.9,0.0,0.0,0,0,0,0,0,0,0,0,0,0,0,0,0.0,0.0,0.0,3,Walcott,3.16,3.16,3.16,3.16,3.16,0.25,0.21,0.25,0.25,0.23,1.19,15.8
401,Goalkeeper,0.0,Southampton,4.3,0.0,0.0,0,0,0,0,0,0,0,0,0,0,0,0,0.0,0.0,0.2,1,McCarthy,2.96,2.96,2.96,2.96,2.96,0.13,0.05,0.11,0.13,0.1,0.52,14.8
405,Midfielder,1.0,Southampton,4.9,1.6,0.49146757679180886,8,1,293,0,0,0,6,0,0,0,1,0,0.2,1.1,0.1,3,S Armstrong,39.5,38.5,37.5,36.47,35.37,2.17,1.56,1.94,1.94,1.69,9.299999999999999,187.34
406,Midfielder,1.3,Southampton,5.3,2.1,0.4334862385321101,11,1,436,0,0,0,7,0,0,0,1,0,0.2,1.6,0.1,3,Elyounoussi,55.36,55.36,55.36,55.36,55.36,2.93,1.95,2.75,2.82,2.47,12.92,276.8
407,Midfielder,1.7,Southampton,6.5,4.0,0.5,26,2,720,4,1,1,13,0,0,0,2,0,0.3,3.2,8.3,3,Ward-Prowse,84.55,84.55,84.55,84.55,84.55,4.43,2.76,4.1,4.26,3.67,19.22,422.75
408,Forward,1.7,Southampton,5.5,4.2,0.7777777777777779,23,1,486,3,1,1,7,0,0,0,0,0,0.3,2.9,1.5,4,A Armstrong,60.07,60.07,60.07,60.07,60.07,3.11,2.15,2.94,3.02,2.67,13.889999999999999,300.35
409,Defender,1.7,Southampton,4.5,4.0,0.5,18,1,720,0,1,0,13,0,0,0,0,0,0.4,2.2,1.5,2,Walker-Peters,83.67,83.67,83.67,83.67,83.67,3.67,1.27,3.21,3.5,2.73,14.379999999999999,418.35
411,Forward,3.0,Southampton,6.4,4.2,0.6860254083484574,27,5,551,3,2,1,8,0,0,0,0,0,0.5,3.9,0.9,4,C Adams,70.36,70.36,70.36,70.36,70.36,4.1,2.57,3.81,3.98,3.39,17.85,351.8
413,Defender,0.0,Southampton,4.4,0.7,9.0,3,0,7,0,0,0,0,0,0,0,0,0,0.0,1.0,0.0,2,Lyanco,3.16,3.16,3.16,3.16,3.16,0.23,0.16,0.22,0.23,0.2,1.04,15.8
416,Midfielder,0.3,Southampton,4.4,0.9,0.3951219512195122,4,0,205,0,0,0,3,0,0,0,1,0,0.1,1.0,0.5,3,I Diallo,53.69,53.69,52.07,47.5,41.88,2.1,1.59,1.95,1.87,1.55,9.06,248.82999999999998
417,Defender,1.3,Southampton,4.5,2.9,1.096638655462185,13,1,238,2,0,1,3,0,0,0,0,0,0.3,2.2,0.1,2,Perraud,63.5,63.5,63.5,63.5,63.5,2.81,1.06,2.47,2.69,2.12,11.149999999999999,317.5
418,Midfielder,1.0,Southampton,5.0,3.0,0.5625,15,0,480,0,0,1,9,0,0,0,0,0,0.2,2.1,0.1,3,Djenepo,31.32,31.32,31.32,31.32,31.32,1.71,1.32,1.63,1.66,1.53,7.8500000000000005,156.6
419,Defender,0.0,Southampton,4.4,0.0,0.0,0,0,0,0,0,0,0,0,0,0,0,0,0.0,0.0,0.0,2,Livramento,0.0,0.0,0.0,0.0,0.0,0.0,0.0,0.0,0.0,0.0,0.0,0.0
420,Defender,1.3,Southampton,4.4,1.6,0.22857142857142856,7,0,630,0,0,0,11,1,0,0,2,0,0.3,1.0,0.2,2,Salisu,80.64,80.64,80.64,80.64,80.64,3.07,0.88,2.64,2.92,2.21,11.719999999999999,403.2
422,Goalkeeper,2.0,Southampton,4.5,3.8,0.47500000000000003,17,2,720,0,0,0,13,0,0,20,0,0,0.4,2.1,0.8,1,Bazunu,86.8,86.76,86.76,86.76,86.76,3.6,1.34,3.11,3.65,2.7,14.400000000000002,433.84
423,Defender,1.3,Southampton,4.5,3.1,0.4428571428571429,14,1,630,0,0,1,9,0,0,0,1,0,0.3,2.0,0.3,2,Bella-Kotchap,74.74,74.74,74.74,74.74,74.74,2.77,0.85,2.39,2.65,2.03,10.69,373.7
424,Goalkeeper,0.0,Southampton,4.0,0.0,0.0,0,0,0,0,0,0,0,0,0,0,0,0,0.0,0.0,0.9,1,Caballero,0.02,0.02,0.02,0.02,0.02,0.0,0.0,0.0,0.0,0.0,0.0,0.1
512,Midfielder,4.0,Southampton,5.4,4.6,0.7796610169491525,25,9,531,3,2,0,9,0,0,0,1,0,0.7,3.1,0.5,3,Aribo,79.26,76.9,74.28,71.66,66.07,3.14,2.16,2.81,2.82,2.38,13.310000000000002,368.17
528,Forward,1.0,Southampton,5.4,1.7,0.8693181818181818,9,1,176,0,0,1,3,0,0,0,0,0,0.2,1.5,0.1,4,Mara,25.79,25.79,25.79,25.79,25.79,1.58,1.2,1.51,1.54,1.41,7.24,128.95
622,Defender,0.3,Southampton,4.0,0.2,0.17307692307692307,1,0,104,0,0,0,2,0,0,0,0,0,0.1,0.5,0.1,2,Larios,11.84,11.84,11.84,11.84,11.84,0.5,0.23,0.45,0.49,0.4,2.07,59.2
623,Defender,0.3,Southampton,4.5,0.2,0.2,1,1,90,0,0,0,2,0,0,0,0,0,0.1,1.0,0.0,2,Caleta-Car,35.53,35.53,35.53,35.53,35.53,1.42,0.51,1.24,1.35,1.07,5.59,177.65
624,Midfielder,1.0,Southampton,5.0,0.6,1.0588235294117647,3,1,51,0,0,0,0,0,0,0,0,0,0.2,1.0,0.0,3,Edozie,15.63,15.63,14.37,11.84,9.21,0.92,0.79,0.84,0.72,0.53,3.8,66.68
425,Goalkeeper,2.3,Spurs,5.5,5.5,0.6875,30,3,720,4,0,0,10,0,2,22,0,0,0.4,3.8,4.7,1,Lloris,54.9,83.42,87.81,87.81,87.81,1.98,3.6,4.42,3.22,4.1,17.32,401.75
426,Goalkeeper,0.0,Spurs,3.9,0.0,0.0,0,0,0,0,0,0,0,0,0,0,0,0,0.0,0.0,4.2,1,Forster,32.2,1.75,1.84,1.84,1.84,1.07,0.07,0.09,0.06,0.08,1.3700000000000003,39.47000000000001
427,Forward,8.3,Spurs,11.4,4.9,0.6237623762376238,56,6,707,10,7,2,9,0,3,0,2,0,0.7,7.0,19.6,4,Kane,81.16,78.04,80.4,80.4,80.4,4.42,4.58,6.23,4.83,5.25,25.310000000000002,400.4
428,Midfielder,7.7,Spurs,11.7,3.2,0.4873096446700508,38,2,591,3,3,1,8,0,2,0,0,0,0.7,4.8,11.1,3,Son,76.29,73.06,75.15,75.15,75.15,4.36,4.6,6.25,4.73,5.26,25.200000000000003,374.80000000000007
429,Defender,0.3,Spurs,4.6,0.4,1.6363636363636367,2,1,22,0,0,0,0,0,0,0,0,0,0.1,1.0,0.3,2,Doherty,13.78,10.12,10.66,10.66,10.66,0.68,0.57,0.73,0.54,0.67,3.19,55.879999999999995
430,Defender,3.0,Spurs,5.1,6.5,0.8124999999999999,33,0,720,1,2,0,10,0,2,0,1,0,0.6,4.1,7.0,2,Dier,81.37,79.7,83.89,83.89,83.89,2.49,3.0,3.91,2.58,3.61,15.59,412.73999999999995
431,Midfielder,0.0,Spurs,5.8,0.3,2.25,2,0,12,0,0,0,0,0,0,0,0,0,0.0,1.0,0.1,3,Lucas Moura,2.3,15.0,20.63,13.89,10.53,0.21,1.0,1.47,1.0,0.84,4.52,62.35
432,Defender,0.0,Spurs,5.0,3.8,0.7685393258426966,19,0,445,0,0,1,4,0,2,0,1,0,0.0,3.8,0.8,2,Ben T Davies,47.74,54.62,57.5,57.5,57.5,1.51,2.09,2.73,1.81,2.52,10.66,274.86
433,Midfielder,5.3,Spurs,5.5,6.4,0.8181818181818183,35,2,704,5,2,1,10,0,2,0,1,0,1.0,4.4,3.0,3,Hojbjerg,80.53,78.87,83.02,83.02,83.02,2.47,2.58,3.19,2.64,2.92,13.8,408.46
435,Defender,0.3,Spurs,4.4,3.4,0.8818443804034583,15,1,347,1,0,0,3,0,2,0,1,0,0.1,3.0,0.8,2,D Sanchez,7.15,7.0,7.37,7.37,7.37,0.25,0.29,0.38,0.26,0.35,1.5300000000000002,36.26
436,Defender,2.3,Spurs,4.5,3.8,0.9771428571428571,17,1,350,0,1,1,5,0,0,0,1,0,0.5,2.4,1.1,2,Sessegnon,32.74,30.38,31.97,31.97,31.97,1.51,1.62,2.08,1.51,1.9,8.62,159.03
439,Defender,0.0,Spurs,3.9,0.0,0.0,0,0,0,0,0,0,0,0,0,0,0,0,0.0,0.0,3.3,2,Tanganga,0.05,0.05,0.05,0.05,0.05,0.0,0.0,0.0,0.0,0.0,0.0,0.25
440,Midfielder,5.0,Spurs,5.4,4.4,0.6460032626427407,24,2,613,2,1,1,9,0,2,0,2,0,0.9,3.4,0.4,3,Bentancur,71.3,69.82,73.5,73.5,73.5,2.2,2.3,2.88,2.36,2.62,12.36,361.62
441,Midfielder,0.3,Spurs,4.4,0.2,1.2000000000000002,1,1,15,0,0,0,0,0,0,0,0,0,0.1,1.0,0.1,3,Skipp,1.02,1.0,1.05,1.05,1.05,0.07,0.07,0.07,0.07,0.07,0.35000000000000003,5.17
443,Defender,1.0,Spurs,4.9,1.2,0.27621483375959077,6,1,391,0,0,0,7,0,0,0,1,0,0.2,1.2,1.3,2,Romero,81.37,79.7,83.89,83.89,83.89,2.55,3.07,4.03,2.64,3.74,16.03,412.73999999999995
444,Midfielder,0.7,Spurs,4.7,1.3,0.7548387096774193,6,1,155,0,0,0,1,0,0,0,2,0,0.1,0.9,0.3,3,Bissouma,26.04,25.5,26.84,26.84,26.84,1.25,1.26,1.45,1.31,1.39,6.659999999999999,132.06
445,Defender,0.3,Spurs,5.1,4.9,0.7078651685393259,25,-2,623,1,0,2,8,0,2,0,0,1,0.1,3.1,4.4,2,Emerson R,68.87,67.45,71.0,71.0,71.0,2.47,2.93,3.85,2.59,3.52,15.36,349.32
446,Midfielder,2.0,Spurs,8.0,4.0,0.7228915662650601,32,0,498,3,1,3,7,0,2,0,0,0,0.2,4.6,8.4,3,Kulusevski,10.72,22.05,37.79,48.5,55.64,0.63,1.26,2.53,2.57,3.16,10.15,174.7
447,Forward,0.0,Spurs,4.5,0.0,0.0,0,0,0,0,0,0,0,0,0,0,0,0,0.0,0.0,0.0,4,Scarlett,0.05,0.05,0.05,0.05,0.05,0.0,0.0,0.0,0.0,0.0,0.0,0.25
448,Defender,1.3,Spurs,5.6,5.0,1.1166253101736974,28,1,403,3,0,3,6,0,2,0,2,0,0.2,3.5,26.0,2,Perisic,59.03,57.81,60.86,60.86,60.86,2.62,3.04,4.05,2.79,3.64,16.14,299.42
449,Midfielder,0.0,Spurs,4.4,0.0,0.0,0,0,0,0,0,0,0,0,0,0,0,0,0.0,0.0,0.6,3,H White,0.05,0.05,0.05,0.05,0.05,0.0,0.0,0.0,0.0,0.0,0.0,0.25
450,Midfielder,0.0,Spurs,4.4,0.0,0.0,0,0,0,0,0,0,0,0,0,0,0,0,0.0,0.0,0.5,3,P Sarr,1.02,1.0,1.05,1.05,1.05,0.07,0.07,0.08,0.07,0.07,0.36000000000000004,5.17
451,Goalkeeper,0.0,Spurs,4.0,0.0,0.0,0,0,0,0,0,0,0,0,0,0,0,0,0.0,0.0,0.3,1,Austin,0.18,0.18,0.18,0.18,0.18,0.01,0.01,0.01,0.01,0.01,0.05,0.8999999999999999
452,Midfielder,0.0,Spurs,4.4,0.0,0.0,0,0,0,0,0,0,0,0,0,0,0,0,0.0,0.0,0.1,3,Devine,0.05,0.05,0.05,0.05,0.05,0.0,0.0,0.0,0.0,0.0,0.0,0.25
454,Forward,3.7,Spurs,8.5,2.0,0.6101694915254237,17,5,295,1,0,3,7,0,0,0,2,0,0.4,2.4,1.0,4,Richarlison,72.05,56.45,48.69,45.21,42.07,2.9,2.56,2.87,2.27,2.28,12.879999999999999,264.47
513,Defender,1.3,Spurs,4.8,1.0,0.3543307086614173,5,1,254,0,0,0,6,0,0,0,0,0,0.3,1.2,0.3,2,Lenglet,48.11,38.34,40.36,40.36,40.36,1.41,1.37,1.8,1.17,1.67,7.42,207.53000000000003
522,Defender,0.0,Spurs,4.2,0.2,18.0,1,0,1,0,0,0,0,0,0,0,0,0,0.0,1.0,0.3,2,Spence,2.55,2.5,2.63,2.63,2.63,0.15,0.16,0.2,0.16,0.19,0.8600000000000001,12.939999999999998
554,Midfielder,0.0,Spurs,5.0,0.0,0.0,0,0,0,0,0,0,0,0,0,0,0,0,0.0,0.0,0.0,3,Gil,7.66,5.0,1.05,0.05,0.05,0.46,0.31,0.08,0.0,0.0,0.85,13.810000000000002
455,Goalkeeper,3.3,West Ham,5.0,5.4,0.7386018237082067,27,7,658,2,0,0,7,0,2,18,0,0,0.7,3.4,1.4,1,Fabianski,81.4,81.42,81.42,81.42,81.42,3.83,3.75,3.48,1.97,4.18,17.21,407.08000000000004
456,Defender,0.3,West Ham,4.5,0.4,1.44,2,0,25,0,0,0,1,0,0,0,0,0,0.1,1.0,0.1,2,Ogbonna,13.82,13.82,13.82,13.82,13.82,0.96,0.94,0.84,0.65,1.01,4.3999999999999995,69.1
457,Defender,2.3,West Ham,4.8,3.8,0.5597381342062193,18,5,611,0,0,0,7,0,2,0,2,0,0.5,2.6,2.0,2,Cresswell,52.64,52.64,52.64,52.64,52.64,2.63,2.58,2.12,1.3,2.9,11.530000000000001,263.2
458,Forward,2.7,West Ham,7.2,2.6,0.48851774530271397,19,1,479,0,1,1,6,0,1,0,1,0,0.4,2.4,1.8,4,Antonio,43.5,43.5,43.5,43.5,43.5,2.61,2.86,2.62,1.94,2.97,13.0,217.5
459,Defender,2.0,West Ham,4.8,1.2,1.2,6,6,90,0,0,0,0,0,1,0,0,0,0.4,6.0,0.2,2,Dawson,39.69,39.69,39.69,39.69,39.69,1.8,1.77,1.47,0.81,2.0,7.85,198.45
460,Midfielder,0.0,West Ham,5.2,0.6,0.5869565217391304,3,0,92,0,0,0,1,0,0,0,0,0,0.0,1.0,0.2,3,Lanzini,13.82,13.82,13.82,13.82,13.82,0.99,1.03,0.97,0.82,1.06,4.87,69.1
461,Defender,3.0,West Ham,4.5,5.3,0.6625,24,6,720,3,0,0,9,0,2,0,0,0,0.7,3.0,1.8,2,Zouma,78.93,78.93,78.93,78.93,78.93,3.64,3.52,2.9,1.71,3.98,15.75,394.65000000000003
463,Defender,1.0,West Ham,4.4,3.4,0.5177664974619289,15,0,591,0,0,0,9,0,1,0,0,0,0.2,2.1,1.3,2,Coufal,73.5,65.21,65.21,65.21,65.21,3.52,3.06,2.53,1.49,3.44,14.04,334.3399999999999
464,Midfielder,0.7,West Ham,5.7,1.8,0.4602272727272727,10,0,352,0,0,0,7,0,0,0,0,0,0.1,1.4,0.9,3,Benrahma,33.0,33.0,33.0,33.0,33.0,2.18,2.33,2.15,1.64,2.44,10.74,165.0
465,Midfielder,6.0,West Ham,8.1,3.6,0.45378151260504207,29,14,714,3,1,1,9,0,2,0,0,0,0.7,3.6,3.9,3,Bowen,78.65,78.65,78.65,78.65,78.65,4.96,5.45,4.84,3.27,5.76,24.28,393.25
467,Midfielder,3.3,West Ham,4.9,4.5,0.5625,22,2,720,2,0,2,9,0,2,0,2,0,0.7,2.8,4.3,3,Rice,83.67,83.67,83.67,83.67,83.67,2.95,3.06,2.82,2.26,3.22,14.31,418.35
468,Midfielder,2.3,West Ham,5.4,4.8,0.6,26,3,720,3,1,0,9,0,2,0,0,0,0.4,3.2,1.3,3,Soucek,78.24,78.24,78.24,78.24,78.24,3.77,4.06,3.66,2.62,4.29,18.4,391.2
469,Midfielder,1.7,West Ham,5.4,4.4,0.665546218487395,24,1,595,3,1,0,7,0,1,0,0,0,0.3,3.0,0.9,3,Fornals,65.21,65.21,65.21,65.21,65.21,3.23,3.46,3.14,2.32,3.64,15.790000000000001,326.04999999999995
471,Defender,0.0,West Ham,4.4,1.1,0.45622119815668205,5,0,217,0,0,0,3,0,0,0,0,0,0.0,1.2,0.1,2,Ben Johnson,6.32,14.21,14.21,14.21,14.21,0.38,0.68,0.59,0.4,0.76,2.8099999999999996,63.160000000000004
472,Defender,0.0,West Ham,4.8,0.0,0.0,0,0,0,0,0,0,0,0,0,0,0,0,0.0,0.0,0.0,2,Aguerd,0.0,0.0,0.0,0.0,0.0,0.0,0.0,0.0,0.0,0.0,0.0,0.0
473,Goalkeeper,0.0,West Ham,4.4,0.2,0.29508196721311475,1,0,61,0,0,0,2,0,0,0,0,0,0.0,1.0,1.1,1,Areola,8.18,8.18,8.18,8.18,8.18,0.35,0.34,0.3,0.18,0.38,1.5499999999999998,40.9
509,Midfielder,0.0,West Ham,4.4,0.2,18.0,1,0,1,0,0,0,0,0,0,0,0,0,0.0,1.0,0.3,3,Downes,0.39,0.39,0.39,0.39,0.39,0.03,0.03,0.03,0.03,0.03,0.15,1.9500000000000002
529,Forward,2.7,West Ham,6.7,1.9,0.7402597402597403,13,8,231,2,1,0,2,0,2,0,1,0,0.4,2.2,0.5,4,Scamacca,48.07,48.07,48.07,48.07,48.07,2.74,3.0,2.73,2.04,3.11,13.620000000000001,240.35
545,Defender,1.0,West Ham,4.0,1.0,0.5732484076433121,4,1,157,0,0,0,2,0,0,0,1,0,0.2,0.8,2.4,2,Emerson P,40.17,40.17,40.17,40.17,40.17,1.95,1.93,1.61,0.94,2.16,8.59,200.85000000000002
555,Defender,0.0,West Ham,4.0,0.0,0.0,0,0,0,0,0,0,0,0,0,0,0,0,0.0,0.0,0.3,2,Ashby,0.05,0.05,0.05,0.05,0.05,0.0,0.0,0.0,0.0,0.0,0.0,0.25
556,Midfielder,0.0,West Ham,4.4,0.2,18.0,1,0,1,0,0,0,0,0,0,0,0,0,0.0,1.0,0.1,3,Coventry,0.39,0.39,0.39,0.39,0.39,0.03,0.03,0.03,0.03,0.03,0.15,1.9500000000000002
571,Goalkeeper,0.0,West Ham,4.0,0.0,0.0,0,0,0,0,0,0,0,0,0,0,0,0,0.0,0.0,0.2,1,Randolph,0.18,0.18,0.18,0.18,0.18,0.01,0.01,0.01,0.0,0.01,0.04,0.8999999999999999
575,Midfielder,1.0,West Ham,5.9,0.8,0.8470588235294119,5,1,85,0,0,0,1,0,0,0,0,0,0.2,1.0,0.1,3,Cornet,10.53,10.53,10.53,10.53,10.53,0.92,0.96,0.9,0.75,1.0,4.529999999999999,52.65
588,Defender,4.0,West Ham,4.5,4.0,0.6666666666666667,18,10,540,1,0,1,6,1,2,0,2,0,0.9,3.0,0.2,2,Kehrer,70.17,70.17,70.17,70.17,70.17,3.14,3.03,2.5,1.46,3.43,13.559999999999999,350.85
603,Midfielder,2.3,West Ham,6.0,1.2,0.45188284518828453,7,3,239,0,0,0,2,0,1,0,1,0,0.4,1.8,1.3,3,Paqueta,68.68,68.68,68.68,68.68,68.68,3.86,4.2,3.76,2.65,4.43,18.9,343.40000000000003
476,Forward,0.0,Wolves,6.8,0.7,0.2985781990521327,5,0,211,0,0,0,2,0,1,0,0,0,0.0,1.7,0.3,4,Jimenez,0.0,11.79,30.32,53.5,66.83,0.0,0.5,1.84,2.45,3.74,8.530000000000001,162.44
477,Defender,2.3,Wolves,4.4,5.5,0.7001414427157001,24,1,707,0,0,0,9,0,3,0,1,0,0.5,3.0,0.8,2,Jonny,78.24,78.24,78.24,78.24,78.24,2.7,2.24,3.84,3.03,3.24,15.05,391.2
478,Goalkeeper,3.3,Wolves,5.0,7.8,0.9750000000000001,39,2,720,3,0,0,9,0,3,24,0,0,0.7,4.9,6.0,1,Sa,87.8,87.81,87.81,87.81,87.81,3.56,2.94,4.61,3.92,3.85,18.88,439.04
480,Midfielder,1.3,Wolves,5.5,4.4,0.55,24,1,720,5,1,0,9,0,3,0,5,0,0.2,3.0,2.0,3,Neves,82.79,64.57,71.86,72.71,74.64,2.95,1.98,3.18,2.5,2.95,13.559999999999999,366.57
481,Midfielder,0.7,Wolves,5.7,1.8,0.8804347826086957,10,0,184,0,0,1,3,0,0,0,0,0,0.1,1.7,0.2,3,Hwang,29.47,18.42,12.63,12.63,12.63,1.72,1.17,1.17,1.0,1.11,6.17,85.78
482,Defender,0.7,Wolves,5.0,1.2,0.41379310344827586,6,1,261,0,0,0,3,0,0,0,1,0,0.1,1.0,0.2,2,Semedo,49.21,49.21,49.21,46.36,46.36,2.02,1.75,2.74,2.08,2.21,10.8,240.35000000000002
483,Midfielder,5.0,Wolves,5.5,5.5,0.99,30,2,500,6,2,0,8,0,2,0,1,0,0.9,3.8,1.2,3,Podence,52.17,42.07,33.16,30.32,27.63,2.48,1.88,2.28,1.78,1.91,10.329999999999998,185.35
484,Defender,2.7,Wolves,4.5,6.4,0.8,29,1,720,4,0,0,9,0,3,0,0,0,0.6,3.6,2.0,2,Kilman,85.43,85.43,85.43,84.55,84.55,2.81,2.39,3.97,3.18,3.29,15.64,425.39000000000004
486,Midfielder,2.0,Wolves,5.1,3.5,0.525,18,1,600,0,0,0,6,0,4,0,1,0,0.4,2.2,4.4,3,P Neto,69.91,69.91,69.91,69.91,69.91,3.16,2.67,4.09,3.09,3.8,16.81,349.54999999999995
487,Defender,2.7,Wolves,4.3,3.5,0.5833333333333334,15,1,540,0,0,0,8,1,2,0,1,0,0.6,2.1,1.1,2,Ait-Nouri,56.93,56.93,56.93,55.31,55.31,2.2,1.9,3.02,2.37,2.5,11.989999999999998,281.40999999999997
489,Defender,0.0,Wolves,3.9,0.0,0.0,0,0,0,0,0,0,0,0,0,0,0,0,0.0,0.0,1.0,2,Toti,78.93,78.93,78.93,8.84,8.84,2.29,1.87,3.3,0.33,0.34,8.13,254.47000000000003
490,Midfielder,0.0,Wolves,5.0,0.0,0.0,0,0,0,0,0,0,0,0,0,0,0,0,0.0,0.0,0.0,3,Chiquinho,0.0,0.0,0.0,0.0,0.0,0.0,0.0,0.0,0.0,0.0,0.0,0.0
491,Midfielder,1.0,Wolves,5.5,1.1,0.8319327731092437,6,2,119,0,0,0,2,0,0,0,0,0,0.2,1.2,0.2,3,A Traore,14.21,14.21,14.21,14.21,14.21,1.1,1.02,1.25,1.09,1.2,5.66,71.05000000000001
492,Goalkeeper,0.0,Wolves,4.0,0.0,0.0,0,0,0,0,0,0,0,0,0,0,0,0,0.0,0.0,1.7,1,Sarkic,1.84,1.84,1.84,1.84,1.84,0.07,0.06,0.09,0.07,0.07,0.36000000000000004,9.200000000000001
494,Defender,0.0,Wolves,3.9,0.0,0.0,0,0,0,0,0,0,0,0,0,0,0,0,0.0,0.0,1.1,2,Mosquera,12.63,12.63,12.63,3.55,3.55,0.4,0.34,0.56,0.15,0.15,1.5999999999999999,44.989999999999995
503,Midfielder,1.7,Wolves,4.8,2.3,0.408284023668639,11,1,507,0,0,0,6,0,2,0,2,0,0.4,1.8,0.5,3,Moutinho,80.4,83.67,82.57,81.48,80.4,2.62,2.43,3.3,2.66,2.95,13.96,408.52
516,Defender,2.0,Wolves,4.5,5.6,0.881118881118881,25,0,572,6,0,0,7,0,3,0,1,1,0.4,3.6,1.1,2,Collins,0.0,0.0,0.0,84.55,84.55,0.0,0.0,0.0,3.13,3.33,6.46,169.1
557,Goalkeeper,0.0,Wolves,4.0,0.0,0.0,0,0,0,0,0,0,0,0,0,0,0,0,0.0,0.0,0.8,1,Jackson Smith,0.05,0.05,0.05,0.05,0.05,0.0,0.0,0.0,0.0,0.0,0.0,0.25
558,Defender,0.0,Wolves,4.0,0.0,0.0,0,0,0,0,0,0,0,0,0,0,0,0,0.0,0.0,0.7,2,Bueno,0.79,0.79,0.79,0.79,0.79,0.04,0.04,0.05,0.04,0.05,0.22000000000000003,3.95
566,Midfielder,0.0,Wolves,4.4,0.0,0.0,0,0,0,0,0,0,0,0,0,0,0,0,0.0,0.0,0.1,3,Hodge,0.05,0.05,0.05,0.05,0.05,0.0,0.0,0.0,0.0,0.0,0.0,0.25
567,Midfielder,0.0,Wolves,4.4,0.0,0.0,0,0,0,0,0,0,0,0,0,0,0,0,0.0,0.0,0.2,3,Ronan,1.05,1.05,1.05,1.05,1.05,0.07,0.07,0.08,0.07,0.08,0.37000000000000005,5.25
568,Midfielder,0.7,Wolves,4.4,0.7,2.423076923076923,3,1,26,0,0,0,0,0,0,0,0,0,0.2,1.0,0.5,3,Campbell,5.26,16.58,11.05,10.32,8.53,0.33,0.78,0.72,0.6,0.56,2.99,51.74
579,Midfielder,1.0,Wolves,6.0,2.7,0.5535307517084282,16,1,439,1,0,1,6,0,2,0,1,0,0.2,2.3,0.4,3,Guedes,71.66,66.41,59.42,57.68,55.64,2.96,2.42,3.26,2.51,2.88,14.030000000000001,310.81
589,Midfielder,4.0,Wolves,5.0,3.8,0.6758893280632411,19,2,506,3,0,1,7,0,2,0,1,0,0.8,3.2,0.3,3,Nunes,80.4,83.67,82.57,81.48,80.4,2.66,2.42,3.38,2.69,3.03,14.18,408.52
608,Forward,0.3,Wolves,5.4,0.2,0.4,1,0,45,0,0,0,0,0,0,0,0,0,0.1,1.0,0.0,4,Kalajdzic,0.0,0.0,0.0,0.0,0.0,0.0,0.0,0.0,0.0,0.0,0.0,0.0
625,Forward,0.5,Wolves,5.5,0.2,0.5625,1,1,32,0,0,0,0,0,0,0,0,0,0.1,1.0,0.3,4,Costa,40.83,53.79,58.36,37.79,31.97,1.89,2.08,3.37,1.79,1.87,11.0,222.74
629,Midfielder,1.0,Wolves,4.5,0.4,0.972972972972973,2,1,37,0,0,0,0,0,0,0,0,0,0.2,1.0,0.0,3,Boubacar Traore,9.21,9.21,9.21,11.84,13.5,0.51,0.49,0.58,0.66,0.77,3.0100000000000002,52.97
